Phases,Image,Enhancement,Focus,Background
3.0,0.0,157.04707761516457,2152.5555555555557,13.706434963599117
3.0,1.0,155.51662886621813,2230.222222222222,14.340731524863184
3.0,2.0,176.39082977519067,2591.777777777778,14.693381629197999
3.0,3.0,147.17316616931637,2169.5555555555557,14.741515807708964
3.0,4.0,143.21901350309562,2048.1111111111113,14.300553125
3.0,5.0,163.65151409282848,2363.1111111111113,14.439897633765108
3.0,6.0,179.3819282872445,2690.4444444444443,14.998414110791764
3.0,7.0,162.3745595163524,2352.1111111111113,14.485712035906925
3.0,8.0,185.75644236598515,2677.1111111111113,14.411942202448916
3.0,9.0,160.90396933372864,2375.3333333333335,14.762428442064648
3.0,10.0,166.22914840883666,2556.222222222222,15.377701484310405
3.0,11.0,182.96626154530858,2615.0,14.292252450883893
3.0,12.0,250.51571939152998,3249.0,12.969246033308398
3.0,13.0,181.67410947665658,2499.3333333333335,13.757234536792787
3.0,14.0,151.17569573382877,2175.8888888888887,14.393113114689555
3.0,15.0,175.7496872984862,2550.777777777778,14.51369738966101
3.0,16.0,153.55202876961593,2230.3333333333335,14.524935627386904
3.0,17.0,41.84574443073386,643.4444444444445,15.37658018032206
3.0,18.0,125.17294769260276,1768.7777777777778,14.130671286271113
3.0,19.0,166.83493401800476,2300.1111111111113,13.786747509744478
3.0,20.0,185.55032101487296,2490.1111111111113,13.4201390625
3.0,21.0,88.28293209592985,1349.888888888889,15.290485452183157
3.0,22.0,123.69402352722325,1812.3333333333333,14.651745344304894
3.0,23.0,154.08378535598078,2184.3333333333335,14.176269931887083
3.0,24.0,179.0943531160074,2351.777777777778,13.1315015625
3.0,0.0,144.31257676310818,2027.7777777777778,14.051289383505454
3.0,1.0,154.5742520255546,2151.777777777778,13.92067404228513
3.0,2.0,190.93399719943278,2745.5555555555557,14.379605496279382
3.0,3.0,153.11232613058556,2203.3333333333335,14.390306704988385
3.0,4.0,135.7101485708025,1887.2222222222222,13.906271875
3.0,5.0,169.5123461439208,2399.6666666666665,14.15629434229694
3.0,6.0,165.18048652486448,2423.777777777778,14.673511555573054
3.0,7.0,147.1481843777933,2106.777777777778,14.3173888735777
3.0,8.0,178.66543287657882,2618.4444444444443,14.655573841489822
3.0,9.0,157.96542164804697,2356.0,14.914656482538682
3.0,10.0,180.17560319575668,2703.4444444444443,15.004497814874602
3.0,11.0,180.34887682238684,2522.0,13.9840072443797
3.0,12.0,240.635006446798,3099.4444444444443,12.880272451671326
3.0,13.0,177.95843962273858,2492.222222222222,14.004518288121579
3.0,14.0,166.43135466931784,2405.1111111111113,14.451069727154612
3.0,15.0,168.18939956362803,2434.3333333333335,14.473761959132249
3.0,16.0,150.64794932403404,2146.3333333333335,14.247345171069727
3.0,17.0,56.64619686903876,833.3333333333334,14.711196503799362
3.0,18.0,146.08951120015098,1981.0,13.560179534627348
3.0,19.0,158.64765197141222,2177.6666666666665,13.726434899011773
3.0,20.0,188.86879693384574,2522.5555555555557,13.3561265625
3.0,21.0,118.03534668618973,1780.4444444444443,15.083993858025906
3.0,22.0,149.7065697798495,2116.222222222222,14.135800622071734
3.0,23.0,170.2396412153738,2383.777777777778,14.002483562344974
3.0,24.0,174.95282277556876,2315.5555555555557,13.2353140625
3.0,0.0,123.12323628630136,1755.111111111111,14.254913727494214
3.0,1.0,153.19732490821792,2119.222222222222,13.83328477499114
3.0,2.0,201.02355877882943,2893.777777777778,14.395217134532855
3.0,3.0,167.12287693419435,2389.1111111111113,14.29553604472617
3.0,4.0,124.51985596871471,1785.7777777777778,14.341309375
3.0,5.0,169.4896093042554,2383.4444444444443,14.062481200047246
3.0,6.0,159.08845370936044,2320.777777777778,14.587971179967715
3.0,7.0,132.32018153858178,1937.3333333333333,14.641253592661128
3.0,8.0,174.9573307647008,2500.5555555555557,14.29237371550061
3.0,9.0,145.7522444208398,2191.222222222222,15.033883223748967
3.0,10.0,182.60914423851654,2750.1111111111113,15.060095279341706
3.0,11.0,177.07537693682505,2487.0,14.04486633332021
3.0,12.0,225.18164720510202,2910.1111111111113,12.92339383440293
3.0,13.0,172.79651153410958,2382.1111111111113,13.785643529272805
3.0,14.0,175.9980568185987,2614.0,14.852436710106698
3.0,15.0,164.58617295210732,2344.0,14.241779597621953
3.0,16.0,153.99581984470902,2261.3333333333335,14.68438127485334
3.0,17.0,85.02882422195057,1192.888888888889,14.0292294972243
3.0,18.0,161.66277725010733,2168.0,13.410631914642309
3.0,19.0,154.43344966255472,2113.5555555555557,13.685866372691839
3.0,20.0,186.26451433664076,2451.4444444444443,13.1610921875
3.0,21.0,141.2414960908429,2048.6666666666665,14.504708059372415
3.0,22.0,148.86194422413186,2114.3333333333335,14.203316666010473
3.0,23.0,162.29093911647712,2279.3333333333335,14.04473561951258
3.0,24.0,173.9247267152959,2322.0,13.350603125
3.0,0.0,126.06473211955529,1706.7777777777778,13.538899810290564
3.0,1.0,154.56407766823597,2079.3333333333335,13.45288869640537
3.0,2.0,201.5150580150196,2830.222222222222,14.044718295995905
3.0,3.0,168.67044871223143,2363.777777777778,14.014178510965
3.0,4.0,91.4056568095523,1325.6666666666667,14.5031140625
3.0,5.0,172.16639313522492,2367.222222222222,13.749618488916887
3.0,6.0,150.01319039785778,2122.777777777778,14.15060750423245
3.0,7.0,59.951464769191055,925.6666666666666,15.440267727075868
3.0,8.0,185.96095376742855,2628.5555555555557,14.134986416788063
3.0,9.0,54.30529806912303,819.6666666666666,15.093677703846609
3.0,10.0,164.9240520105869,2427.5555555555557,14.719233040670893
3.0,11.0,173.80235431833307,2436.3333333333335,14.017838497578644
3.0,12.0,217.81933209633198,2760.0,12.671051616205363
3.0,13.0,165.17534956150206,2202.0,13.331287058545612
3.0,14.0,183.1842769649562,2556.4444444444443,13.955588802708768
3.0,15.0,150.96397423712816,2189.4444444444443,14.503092247726288
3.0,16.0,142.19740193223353,2041.7777777777778,14.358755856529784
3.0,17.0,154.60917622775983,2109.222222222222,13.642283554470648
3.0,18.0,175.0372933322342,2321.8888888888887,13.26510964998622
3.0,19.0,162.03384073779725,2152.5555555555557,13.28460490570495
3.0,20.0,164.1764404626094,2147.6666666666665,13.0814546875
3.0,21.0,151.6037453939756,2096.8888888888887,13.831379188157014
3.0,22.0,142.36125357733889,1961.6666666666667,13.779498405449033
3.0,23.0,120.80862315860615,1635.0,13.53380211819363
3.0,24.0,103.9558727297459,1396.3333333333333,13.43198125
4.0,0.0,110.15972386543905,1553.2222222222222,14.099728718633092
4.0,1.0,141.89577782187155,1987.7777777777778,14.008716878617268
4.0,2.0,188.508038624326,2689.777777777778,14.268769636599867
4.0,3.0,168.83910592241386,2386.777777777778,14.136403795425016
4.0,4.0,118.5920525500724,1653.6666666666667,13.9441609375
4.0,5.0,168.74784729008022,2366.6666666666665,14.02487027048309
4.0,6.0,142.36563643015913,2083.777777777778,14.636803023741091
4.0,7.0,112.36091626847805,1687.3333333333333,15.017084137170755
4.0,8.0,177.29502331586215,2488.0,14.033106815228946
4.0,9.0,137.34493789876825,2029.2222222222222,14.774641521319737
4.0,10.0,180.45790538873896,2711.5555555555557,15.02597267608961
4.0,11.0,173.64253714734687,2428.0,13.982748927123115
4.0,12.0,229.15118380441845,2910.777777777778,12.702433954092681
4.0,13.0,173.52288562168363,2364.5555555555557,13.626764833261152
4.0,14.0,175.59004853696962,2488.222222222222,14.17063348950746
4.0,15.0,155.35984210799313,2256.3333333333335,14.523272569786212
4.0,16.0,150.25365081603138,2141.4444444444443,14.252195755738414
4.0,17.0,94.82686866034878,1320.7777777777778,13.928307413677704
4.0,18.0,160.462525303148,2108.222222222222,13.13840859876373
4.0,19.0,144.1271876524344,1970.4444444444443,13.671566597110122
4.0,20.0,184.18311534337093,2371.777777777778,12.87728125
4.0,21.0,145.4177712883482,2069.8888888888887,14.234084806488445
4.0,22.0,149.3225078868266,2098.3333333333335,14.052357966849089
4.0,23.0,165.9234570052855,2276.0,13.717168392456395
4.0,24.0,142.75484695808143,1922.6666666666667,13.4683109375
4.0,0.0,111.95084125346688,1553.0,13.872160160760801
4.0,1.0,153.4925622260052,2097.8888888888887,13.667690853970628
4.0,2.0,195.14743255367904,2727.1111111111113,13.974619473207607
4.0,3.0,168.36624461735832,2412.1111111111113,14.326571912280011
4.0,4.0,113.25125353254559,1578.2222222222222,13.9355828125
4.0,5.0,162.2376055155204,2291.3333333333335,14.123318240875625
4.0,6.0,140.26617523213514,2010.7777777777778,14.335443127682192
4.0,7.0,89.14129185547482,1355.0,15.20058742470176
4.0,8.0,176.31524936087482,2479.1111111111113,14.060673254852553
4.0,9.0,117.16638830195699,1748.6666666666667,14.924644277333753
4.0,10.0,183.16960970446195,2736.5555555555557,14.940008661758338
4.0,11.0,170.9872615678233,2431.222222222222,14.218733020985079
4.0,12.0,224.36377219439336,2851.8888888888887,12.711004370250798
4.0,13.0,174.11940262968457,2364.6666666666665,13.580718925941966
4.0,14.0,180.0555371691252,2545.5555555555557,14.137613291861884
4.0,15.0,151.75065276220343,2196.6666666666665,14.475500610260246
4.0,16.0,144.48637556372617,2091.6666666666665,14.476566793968267
4.0,17.0,128.09972812047954,1765.2222222222222,13.780062207173511
4.0,18.0,164.7430456001518,2170.6666666666665,13.176074648608212
4.0,19.0,149.78493228463196,2042.2222222222222,13.634363557620379
4.0,20.0,182.18390545329416,2376.777777777778,13.0460359375
4.0,21.0,156.87214067176913,2218.4444444444443,14.14173628883027
4.0,22.0,155.05382975436322,2181.5555555555557,14.069665734871451
4.0,23.0,150.69331908640544,2074.0,13.763052088664908
4.0,24.0,116.73337319828164,1591.0,13.62935
4.0,0.0,109.9389704013783,1546.3333333333333,14.065379434497114
4.0,1.0,153.0821995974328,2121.8888888888887,13.861107917634552
4.0,2.0,191.20610265272126,2690.5555555555557,14.071494153313122
4.0,3.0,168.12078536987957,2406.8888888888887,14.316426630969723
4.0,4.0,111.41745310902809,1561.3333333333333,14.0133640625
4.0,5.0,161.81770700776437,2304.0,14.238244025355328
4.0,6.0,143.9088070669603,2091.4444444444443,14.533123351313044
4.0,7.0,91.03753048790531,1368.4444444444443,15.03165163982834
4.0,8.0,182.39684228723644,2532.1111111111113,13.882428442064649
4.0,9.0,125.20357994423964,1861.5555555555557,14.86822945785267
4.0,10.0,176.96429266881128,2634.222222222222,14.88561439426749
4.0,11.0,168.3508206285925,2383.0,14.154965156108508
4.0,12.0,225.54704595033527,2832.1111111111113,12.556631363439505
4.0,13.0,165.7437065544299,2268.8888888888887,13.689140517343203
4.0,14.0,177.53596335103683,2525.777777777778,14.22685145084452
4.0,15.0,157.98200368129437,2302.6666666666665,14.57549982282767
4.0,16.0,144.03006209827467,2105.3333333333335,14.617318792078429
4.0,17.0,133.39231489762997,1829.2222222222222,13.713100515768337
4.0,18.0,174.13193742650546,2279.4444444444443,13.090329540533093
4.0,19.0,152.36285762385197,2104.8888888888887,13.814973817866845
4.0,20.0,176.44052554382455,2280.4444444444443,12.9247203125
4.0,21.0,156.53502222485645,2196.1111111111113,14.0295192724123
4.0,22.0,152.32156092229525,2151.4444444444443,14.12435922674121
4.0,23.0,146.5561580453175,2009.888888888889,13.714121028386945
4.0,24.0,120.1546704329205,1622.0,13.4992671875
4.0,0.0,115.93417375910651,1615.2222222222222,13.932235594126086
4.0,1.0,155.93400519145771,2104.6666666666665,13.497162880428363
4.0,2.0,197.13766306715428,2768.0,14.040949643686758
4.0,3.0,171.7482545501243,2411.8888888888887,14.043163904090711
4.0,4.0,101.09634978023796,1392.111111111111,13.7701421875
4.0,5.0,169.2194757427,2326.3333333333335,13.747432576085673
4.0,6.0,155.36180325211916,2155.1111111111113,13.871563447379819
4.0,7.0,65.18119166406716,987.1111111111111,15.14410961061459
4.0,8.0,182.6356035807645,2577.1111111111113,14.11067207370369
4.0,9.0,71.96085052074658,1086.2222222222222,15.094627347533368
4.0,10.0,164.59890443013666,2420.777777777778,14.707131776841608
4.0,11.0,176.40616089733808,2450.4444444444443,13.890923264695461
4.0,12.0,221.5153858535367,2801.6666666666665,12.647729438166857
4.0,13.0,173.10098482774046,2318.6666666666665,13.39487853852514
4.0,14.0,180.99685525445526,2528.6666666666665,13.970776802236308
4.0,15.0,147.11877858559046,2106.5555555555557,14.318740107878263
4.0,16.0,145.26449759240165,2064.1111111111113,14.209329501161463
4.0,17.0,152.26225478640046,2046.2222222222222,13.438801527619198
4.0,18.0,171.44644355309993,2223.222222222222,12.967444387574314
4.0,19.0,152.65249843576328,2040.4444444444443,13.366597110122445
4.0,20.0,177.63887929237364,2297.777777777778,12.93510625
4.0,21.0,161.7504087473123,2196.777777777778,13.581281152801292
4.0,22.0,150.91133488196735,2109.6666666666665,13.97951100437025
4.0,23.0,131.68637700389834,1813.4444444444443,13.770934288751526
4.0,24.0,108.84033908214741,1437.2222222222222,13.2048671875
4.0,0.0,119.54746388163714,1612.4444444444443,13.487901726137084
4.0,1.0,157.32704289047655,2105.777777777778,13.384715933698176
4.0,2.0,207.73793166934288,2868.4444444444443,13.807995590377574
4.0,3.0,171.89941702931793,2392.1111111111113,13.915760463010354
4.0,4.0,94.70290594688173,1325.6666666666667,13.9981625
4.0,5.0,173.0931975796338,2415.222222222222,13.95330524823812
4.0,6.0,156.00653317339504,2198.3333333333335,14.091290208275916
4.0,7.0,68.83488791341057,1046.3333333333333,15.200625221465412
4.0,8.0,188.15045967273537,2627.1111111111113,13.962820583487538
4.0,9.0,65.10745287887654,997.7777777777778,15.325093113902122
4.0,10.0,168.6551786885974,2493.222222222222,14.7829568093232
4.0,11.0,170.14637295819867,2386.6666666666665,14.027138076302217
4.0,12.0,226.01067257113826,2809.1111111111113,12.429108232607582
4.0,13.0,169.45869750609947,2232.1111111111113,13.172006771920154
4.0,14.0,179.06392943365913,2528.3333333333335,14.11972439859837
4.0,15.0,153.14585991673962,2205.5555555555557,14.401666207330997
4.0,16.0,149.59103332989858,2111.777777777778,14.117007756210874
4.0,17.0,154.95203551037386,2069.777777777778,13.357538485767156
4.0,18.0,172.5087477014882,2218.777777777778,12.861827631009096
4.0,19.0,151.67357076202316,2025.0,13.351040592149298
4.0,20.0,173.91490529283982,2264.777777777778,13.0223328125
4.0,21.0,155.59789696012015,2131.5555555555557,13.699128312138273
4.0,22.0,148.08686154978744,2066.8888888888887,13.957273908421591
4.0,23.0,133.37433531686412,1828.0,13.705785267136502
4.0,24.0,111.43349080120109,1480.3333333333333,13.28445625
5.0,0.0,122.69905498147473,1631.2222222222222,13.294497031525681
5.0,1.0,154.80844558322468,2092.6666666666665,13.51778101500059
5.0,2.0,204.8894506897656,2862.777777777778,13.972304421433915
5.0,3.0,169.47939154361887,2385.222222222222,14.073818654277728
5.0,4.0,106.23784175471685,1482.5555555555557,13.9550609375
5.0,5.0,170.72899990114328,2367.777777777778,13.868632623331628
5.0,6.0,145.39862178106495,2060.3333333333335,14.170239773219418
5.0,7.0,86.10619485393673,1295.3333333333333,15.043439505492342
5.0,8.0,179.57520243821173,2531.8888888888887,14.099323595417143
5.0,9.0,111.0539523752023,1632.3333333333333,14.698561360683492
5.0,10.0,182.64874472263557,2674.8888888888887,14.64498917280208
5.0,11.0,171.22162612907832,2375.1111111111113,13.871560297649514
5.0,12.0,225.93371826325026,2870.3333333333335,12.704315917949526
5.0,13.0,174.1690924687655,2300.0,13.205557699122012
5.0,14.0,181.18680990953095,2573.222222222222,14.202039450372062
5.0,15.0,160.46283128951478,2284.5555555555557,14.23728808220796
5.0,16.0,145.7218577412397,2111.222222222222,14.488027087680617
5.0,17.0,141.64455490330263,1896.888888888889,13.391894169061773
5.0,18.0,173.1702672925501,2301.1111111111113,13.288142052836726
5.0,19.0,156.96923959225535,2098.4444444444443,13.36850742155203
5.0,20.0,181.56126495198262,2379.5555555555557,13.106075
5.0,21.0,164.27914577339058,2264.1111111111113,13.782096932950116
5.0,22.0,160.51801817481643,2202.8888888888887,13.723623764715146
5.0,23.0,142.34666987252194,1923.7777777777778,13.514736800661444
5.0,24.0,116.52643213273082,1569.4444444444443,13.4685703125
5.0,0.0,118.73463451067816,1632.2222222222222,13.746807988661738
5.0,1.0,160.46110127197568,2180.1111111111113,13.586539627544392
5.0,2.0,201.33269444838314,2853.3333333333335,14.172230402771763
5.0,3.0,167.2041036371312,2359.5555555555557,14.111828024725384
5.0,4.0,106.11236155117868,1480.7777777777778,13.954809375
5.0,5.0,171.98197026083423,2370.4444444444443,13.783098547186897
5.0,6.0,141.20060623055485,2019.0,14.298805464782077
5.0,7.0,82.717165290949,1240.4444444444443,14.996215599039333
5.0,8.0,180.71315326165163,2564.777777777778,14.192535139178707
5.0,9.0,98.9684045866086,1461.2222222222222,14.76453246190795
5.0,10.0,172.84010342457694,2607.222222222222,15.08459073191858
5.0,11.0,175.5058508859409,2444.8888888888887,13.930526398677113
5.0,12.0,224.70739945975455,2891.1111111111113,12.866114413953305
5.0,13.0,169.9209785181759,2312.0,13.60632465845112
5.0,14.0,186.22951146870716,2633.5555555555557,14.141451238237726
5.0,15.0,158.5215847679176,2270.8888888888887,14.325423835584077
5.0,16.0,143.41689965331682,2073.8888888888887,14.46056143942675
5.0,17.0,152.35103623001757,2045.888888888889,13.428782235521084
5.0,18.0,175.5841162213321,2269.0,12.922581203984409
5.0,19.0,151.64730257902684,2032.111111111111,13.400245678963739
5.0,20.0,174.81558485296873,2295.4444444444443,13.1306625
5.0,21.0,162.21067888762573,2264.222222222222,13.95852750108272
5.0,22.0,154.02384922157182,2136.0,13.86798220402378
5.0,23.0,147.8486405026479,2026.2222222222222,13.704706484507264
5.0,24.0,107.30072087267685,1447.7777777777778,13.4927125
5.0,0.0,120.2312945189178,1636.5555555555557,13.61172698093217
5.0,1.0,145.31240074049535,1987.3333333333333,13.676281743375723
5.0,2.0,201.13092553207727,2829.3333333333335,14.067122327650695
5.0,3.0,174.76395391181893,2471.6666666666665,14.142885940391354
5.0,4.0,104.02369992924693,1405.5555555555557,13.511878125
5.0,5.0,169.86997021581755,2369.777777777778,13.950539785030907
5.0,6.0,140.4536665118009,2042.0,14.538602307177447
5.0,7.0,78.21629964436765,1208.5555555555557,15.451453994251743
5.0,8.0,182.72179064759683,2561.777777777778,14.020100003937163
5.0,9.0,100.08046418144231,1497.888888888889,14.966845938816489
5.0,10.0,176.2689171041869,2624.3333333333335,14.888236544745856
5.0,11.0,179.11802914877086,2496.1111111111113,13.935565967164061
5.0,12.0,221.99693871862837,2807.6666666666665,12.647321548092444
5.0,13.0,173.5646824238317,2331.3333333333335,13.43207212882397
5.0,14.0,179.89567854001507,2534.777777777778,14.090264971061853
5.0,15.0,149.11302087953257,2155.0,14.452124886806567
5.0,16.0,145.35347468093363,2065.0,14.206746722311902
5.0,17.0,140.23106480150955,1920.3333333333333,13.694065120674042
5.0,18.0,166.747479898381,2205.1111111111113,13.224254498208591
5.0,19.0,152.17493546681703,2027.7777777777778,13.325307295562817
5.0,20.0,181.23843951042787,2382.1111111111113,13.1435203125
5.0,21.0,159.57727820855567,2227.5555555555557,13.959102326863261
5.0,22.0,147.95637643819327,2070.5555555555557,13.99436513248553
5.0,23.0,139.67849908245043,1921.5555555555557,13.756988857829048
5.0,24.0,100.08338688676764,1344.7777777777778,13.4365734375
5.0,0.0,122.38636901719607,1681.111111111111,13.736097611286304
5.0,1.0,157.1260153546156,2151.6666666666665,13.693891885507304
5.0,2.0,206.7006180626688,2912.0,14.088008189298792
5.0,3.0,171.30592567981705,2401.8888888888887,14.021049647623922
5.0,4.0,102.92620216370011,1428.6666666666667,13.8804953125
5.0,5.0,173.93477961969245,2401.777777777778,13.808496397495965
5.0,6.0,141.196693570221,2030.2222222222222,14.378681050435057
5.0,7.0,70.86200853961475,1069.4444444444443,15.091929603527698
5.0,8.0,178.93697115539436,2529.0,14.13346824678137
5.0,9.0,82.52583658312085,1241.0,15.0377148706642
5.0,10.0,176.94043267024156,2643.777777777778,14.941626048269617
5.0,11.0,179.8738626695881,2501.1111111111113,13.90480570101185
5.0,12.0,232.0488365455294,2923.222222222222,12.597443993858025
5.0,13.0,179.19782807947607,2421.222222222222,13.51144848222371
5.0,14.0,178.59505955863443,2534.0,14.188522382770975
5.0,15.0,158.90043746348917,2279.777777777778,14.347208945234064
5.0,16.0,143.4242462706256,2097.4444444444443,14.624057640064569
5.0,17.0,152.92969171194866,2058.6666666666665,13.461523682034725
5.0,18.0,171.41596048789813,2255.6666666666665,13.159023583605654
5.0,19.0,154.78398633610882,2082.1111111111113,13.451721721327612
5.0,20.0,179.82176104376836,2376.3333333333335,13.2149375
5.0,21.0,165.037574582443,2276.5555555555557,13.794165124611204
5.0,22.0,156.39348529143646,2178.8888888888887,13.932094964368677
5.0,23.0,139.10170060446399,1884.888888888889,13.550437418796015
5.0,24.0,106.66157097287747,1430.3333333333333,13.410015625
5.0,0.0,116.5384343675329,1569.3333333333333,13.466229762312155
5.0,1.0,154.6114638177633,2125.4444444444443,13.747004212764281
5.0,2.0,202.00382745292924,2854.222222222222,14.12954525768731
5.0,3.0,164.00335086282163,2298.1111111111113,14.012586322296153
5.0,4.0,101.15626998218046,1409.2222222222222,13.931140625
5.0,5.0,169.56425227708317,2349.5555555555557,13.856432142997756
5.0,6.0,148.30561713733672,2081.6666666666665,14.03633056419544
5.0,7.0,73.76781785436113,1120.0,15.182772550100397
5.0,8.0,182.2818489716683,2565.5555555555557,14.074662781999292
5.0,9.0,86.02976007927536,1288.6666666666667,14.979312571361078
5.0,10.0,174.70350187100607,2599.3333333333335,14.878541674869089
5.0,11.0,174.7236547183426,2437.4444444444443,13.950283082011103
5.0,12.0,226.11944774460372,2863.1111111111113,12.661941021300052
5.0,13.0,174.20728253994133,2362.4444444444443,13.561111854797433
5.0,14.0,182.43344015341168,2581.222222222222,14.148843655262018
5.0,15.0,146.95469606201695,2157.4444444444443,14.681017362888303
5.0,16.0,139.03245386614475,2033.111111111111,14.623284381274853
5.0,17.0,148.4764639620815,2000.3333333333333,13.472393401315012
5.0,18.0,167.03047284385462,2171.5555555555557,13.000954368282216
5.0,19.0,153.6852490140211,2070.6666666666665,13.473424937989684
5.0,20.0,184.13053538202135,2374.8888888888887,12.8978546875
5.0,21.0,163.66993013889683,2270.3333333333335,13.871413835190362
5.0,22.0,159.72135296170114,2207.6666666666665,13.821988267254616
5.0,23.0,139.36421285427045,1897.5555555555557,13.615802196936887
5.0,24.0,102.57641677726576,1399.4444444444443,13.6429453125
6.0,0.0,119.90434690888753,1630.6666666666667,13.59972935681616
6.0,1.0,160.54034028040846,2151.1111111111113,13.399193669042088
6.0,2.0,202.02999520668172,2808.6666666666665,13.902226071892594
6.0,3.0,178.12165607176814,2462.8888888888887,13.827004212764281
6.0,4.0,103.17294722116043,1448.6666666666667,14.0411484375
6.0,5.0,175.02296111809332,2382.0,13.609642899326746
6.0,6.0,164.56225589774792,2327.6666666666665,14.144596243946612
6.0,7.0,67.78975263655538,1029.3333333333333,15.184202527658568
6.0,8.0,183.6888742771318,2517.0,13.702517421945746
6.0,9.0,61.875936122465895,919.2222222222222,14.855891964250562
6.0,10.0,173.9789083236675,2515.4444444444443,14.458329855506122
6.0,11.0,167.39453461885773,2309.5555555555557,13.797078625142722
6.0,12.0,221.09075862784798,2780.5555555555557,12.576534509232648
6.0,13.0,167.21292432467996,2190.6666666666665,13.101060671679987
6.0,14.0,178.35679176212,2477.4444444444443,13.890384660813417
6.0,15.0,146.62518832300125,2089.1111111111113,14.247968817669987
6.0,16.0,145.12476620183307,2053.0,14.146448285365565
6.0,17.0,165.7149664833649,2181.8888888888887,13.166516791999685
6.0,18.0,171.9512564506172,2233.1111111111113,12.986884523012717
6.0,19.0,157.01080657391805,2075.6666666666665,13.219896846332533
6.0,20.0,166.9634321418893,2138.5555555555557,12.8085265625
6.0,21.0,152.24012102788532,2056.8888888888887,13.510820111027993
6.0,22.0,150.62804361000192,2049.777777777778,13.608208197173116
6.0,23.0,128.47579507102387,1708.6666666666667,13.299522028426315
6.0,24.0,110.52909032625148,1483.111111111111,13.4182875
6.0,0.0,125.16635187616014,1720.0,13.741712322987345
6.0,1.0,158.65089677795964,2115.8888888888887,13.336759714949407
6.0,2.0,196.69062413551967,2711.6666666666665,13.786456159691326
6.0,3.0,175.1291614778938,2428.1111111111113,13.864687586125438
6.0,4.0,105.47322094807126,1462.7777777777778,13.8687125
6.0,5.0,167.75135203502631,2314.1111111111113,13.794887987716052
6.0,6.0,179.61986746775077,2519.1111111111113,14.024679711799678
6.0,7.0,85.97963034109125,1272.3333333333333,14.798078664514351
6.0,8.0,188.99428999696852,2642.8888888888887,13.983961573290287
6.0,9.0,81.36577139759498,1179.4444444444443,14.495584865545888
6.0,10.0,183.8448784580595,2651.222222222222,14.420974054096618
6.0,11.0,168.57299029293327,2363.222222222222,14.018984999409426
6.0,12.0,220.1208463009239,2707.777777777778,12.3013236741604
6.0,13.0,183.53200087430312,2390.1111111111113,13.022857592818616
6.0,14.0,176.67939722574476,2442.5555555555557,13.824789952360328
6.0,15.0,156.82580466028242,2243.5555555555557,14.306035670695696
6.0,16.0,144.41473539410077,2039.6666666666667,14.123674160400016
6.0,17.0,168.06152322116642,2212.3333333333335,13.16383007205008
6.0,18.0,174.9526867424049,2266.5555555555557,12.955248631835898
6.0,19.0,152.07013050042167,2063.4444444444443,13.569031851647702
6.0,20.0,170.3531267320146,2233.222222222222,13.1093703125
6.0,21.0,156.6985575417121,2136.3333333333335,13.633395015551793
6.0,22.0,143.79435766845108,1992.2222222222222,13.854661994566715
6.0,23.0,123.85954510903667,1694.7777777777778,13.68306153785582
6.0,24.0,125.2567771829239,1652.2222222222222,13.19068125
6.0,0.0,124.10022300816927,1689.111111111111,13.610862818513391
6.0,1.0,153.75248967762514,2098.1111111111113,13.646030158667664
6.0,2.0,199.31511765096172,2760.222222222222,13.848534194259617
6.0,3.0,175.59695990194365,2439.8888888888887,13.89482420567739
6.0,4.0,96.601985677403,1362.888888888889,14.108290625
6.0,5.0,167.55378277541135,2344.222222222222,13.990864207252255
6.0,6.0,178.08289984891573,2472.3333333333335,13.883047364069451
6.0,7.0,93.75751288118823,1357.888888888889,14.482987519193669
6.0,8.0,186.77903850298335,2564.777777777778,13.731614630497264
6.0,9.0,87.52168198808025,1264.888888888889,14.452291822512697
6.0,10.0,191.13001333033247,2766.222222222222,14.472987125477381
6.0,11.0,163.07958567237995,2269.6666666666665,13.917540060632309
6.0,12.0,231.86555059339975,2891.777777777778,12.471787078231426
6.0,13.0,183.83149574515986,2397.0,13.03911492578448
6.0,14.0,182.68806473100207,2484.777777777778,13.601204771841411
6.0,15.0,154.91840357431985,2207.3333333333335,14.248360959092878
6.0,16.0,150.97434021794962,2124.222222222222,14.070087798732233
6.0,17.0,173.42623740056294,2283.1111111111113,13.164738769242884
6.0,18.0,172.9676269547402,2210.5555555555557,12.780169298003859
6.0,19.0,153.98224400060238,2035.2222222222222,13.217252647742036
6.0,20.0,172.10076747478442,2205.4444444444443,12.81484375
6.0,21.0,154.72107490802233,2123.6666666666665,13.725775030513013
6.0,22.0,149.56850267608257,2057.3333333333335,13.755124217488877
6.0,23.0,138.26661134320767,1824.888888888889,13.198333792669002
6.0,24.0,123.3143248171864,1618.7777777777778,13.1272484375
6.0,0.0,126.83926624368449,1725.3333333333333,13.60251745716197
6.0,1.0,158.18392525096493,2111.3333333333335,13.347331784715934
6.0,2.0,195.94894658130278,2732.0,13.942407181385095
6.0,3.0,177.4194765986727,2433.777777777778,13.717647151462655
6.0,4.0,117.70607201124906,1644.6666666666667,13.9726578125
6.0,5.0,170.51323535873138,2369.3333333333335,13.895304539548802
6.0,6.0,182.29624703812,2564.8888888888887,14.069894090318517
6.0,7.0,105.87093268798755,1527.111111111111,14.424271821725265
6.0,8.0,189.49707872964825,2615.0,13.799685026969566
6.0,9.0,101.02459799782616,1449.6666666666667,14.349640537029018
6.0,10.0,179.47222130019077,2622.6666666666665,14.613217843222174
6.0,11.0,152.73406204013472,2139.5555555555557,14.008371983148942
6.0,12.0,226.4537713615897,2800.0,12.36455451002008
6.0,13.0,187.11098024805528,2462.4444444444443,13.160341745738021
6.0,14.0,184.26995792232947,2573.777777777778,13.967430213787944
6.0,15.0,157.24442617122514,2215.0,14.086349856293555
6.0,16.0,155.9944367177507,2174.777777777778,13.941380369305879
6.0,17.0,169.76252894094176,2202.5555555555557,12.974332847749912
6.0,18.0,168.96474648550628,2198.3333333333335,13.01060356706957
6.0,19.0,157.7080558858283,2025.0,12.8401811094925
6.0,20.0,176.99645218463309,2237.3333333333335,12.6405546875
6.0,21.0,157.33073983597183,2133.222222222222,13.55883932438285
6.0,22.0,148.37739804765837,2039.4444444444443,13.744980511043742
6.0,23.0,133.1108251739739,1786.3333333333333,13.41989527146738
6.0,24.0,126.99334456684399,1656.5555555555557,13.044428125
6.0,0.0,132.00817708012607,1772.2222222222222,13.425094273868519
6.0,1.0,165.75084121572195,2230.4444444444443,13.456610102759951
6.0,2.0,200.61391483541914,2828.8888888888887,14.101159888184574
6.0,3.0,172.7887564955915,2395.777777777778,13.86535690381511
6.0,4.0,112.58698347937838,1555.7777777777778,13.8184515625
6.0,5.0,161.31454323088036,2264.6666666666665,14.03882515059648
6.0,6.0,180.82511610576603,2603.6666666666665,14.398810976810111
6.0,7.0,118.22576016599396,1699.6666666666667,14.37644946651443
6.0,8.0,189.06661105665052,2599.1111111111113,13.747065632505217
6.0,9.0,105.12415462942434,1483.6666666666667,14.113470609079098
6.0,10.0,182.3707453820988,2680.1111111111113,14.69594865939604
6.0,11.0,158.37805139907312,2209.1111111111113,13.948341273278476
6.0,12.0,228.4599751073582,2852.4444444444443,12.485532501279579
6.0,13.0,183.18605532776226,2406.222222222222,13.135400606323083
6.0,14.0,183.64146907536343,2565.5555555555557,13.97045867947557
6.0,15.0,156.25993026814328,2214.222222222222,14.170121658333006
6.0,16.0,154.1690878538934,2182.3333333333335,14.155453364305682
6.0,17.0,171.3446349215729,2265.0,13.218972400488209
6.0,18.0,167.7182108659443,2183.0,13.015879365329344
6.0,19.0,151.34112625396222,1980.6666666666667,13.087431788653097
6.0,20.0,168.55598716528195,2181.3333333333335,12.9412984375
6.0,21.0,148.81999702748433,2050.0,13.775030513012323
6.0,22.0,148.8344175052833,2070.3333333333335,13.910313004448994
6.0,23.0,129.48838998616108,1766.111111111111,13.639146423087523
6.0,24.0,121.83736648268469,1616.0,13.2635828125
