Segments,Image,Enhancement,Focus,Background
5.0,0.0,8.163747293918185,161.4,19.770332690263395
5.0,1.0,8.793943127833849,173.0,19.67263120595299
5.0,2.0,14.009626589018039,267.2,19.072599708649946
5.0,3.0,12.068543981880303,231.0,19.1406685302571
5.0,4.0,8.727545928158369,171.2,19.616052600496083
5.0,5.0,12.255132490997273,231.8,18.9145241938659
5.0,6.0,10.093212369745054,191.6,18.983054450962637
5.0,7.0,7.408365137762862,143.6,19.383493838340094
5.0,8.0,18.57132246615719,354.4,19.083185952202843
5.0,9.0,7.122300451254972,137.8,19.347681404779717
5.0,10.0,13.641852932268225,247.2,18.120705539588172
5.0,11.0,24.79773274388575,459.2,18.517821961494548
5.0,12.0,8.177237146048451,154.6,18.906141186660893
5.0,13.0,10.521046863333083,201.8,19.18060081105555
5.0,14.0,10.264952452478491,194.2,18.91874325760857
5.0,15.0,15.088257510387189,301.4,19.975799047206582
5.0,16.0,13.964139129478625,260.8,18.6764108823182
5.0,17.0,9.169855294120708,172.0,18.75711169731092
5.0,18.0,7.845250965250965,151.2,19.27280601598488
5.0,19.0,11.698314457173714,227.6,19.455794322611126
5.0,20.0,11.558967757993416,217.4,18.8079078125
5.0,21.0,6.75972131576917,128.6,19.024452931217766
5.0,22.0,9.844744034134472,190.8,19.380900035434465
5.0,23.0,8.669707809250426,167.2,19.28554037560534
5.0,24.0,8.571350421329106,160.6,18.7368375
5.0,0.0,7.544019737863712,148.2,19.64469939761408
5.0,1.0,8.927314061924763,174.6,19.55795425016733
5.0,2.0,14.494628827045828,271.6,18.737975510846884
5.0,3.0,12.291452976846402,235.6,19.167790857907793
5.0,4.0,7.736466426863593,152.4,19.69891570534273
5.0,5.0,12.928134645467546,243.4,18.827155399818892
5.0,6.0,10.677195848819563,202.4,18.95628804283633
5.0,7.0,8.337447538501152,161.6,19.382430804362375
5.0,8.0,16.91930883912193,322.6,19.06697271546124
5.0,9.0,6.615208649939617,127.2,19.228418441670932
5.0,10.0,13.937974735002696,255.4,18.324039529115318
5.0,11.0,24.45720054358377,446.4,18.252293397377848
5.0,12.0,9.138706155174027,173.0,18.930469703531635
5.0,13.0,10.189573927704615,194.2,19.05869679908658
5.0,14.0,10.577830696018363,199.8,18.888560966967205
5.0,15.0,15.405923238102543,306.2,19.875472262687506
5.0,16.0,13.573875401695815,253.0,18.63874483247372
5.0,17.0,9.257658474980998,173.4,18.73043820622859
5.0,18.0,8.252014535871277,157.8,19.12260325209654
5.0,19.0,11.877475042933954,231.4,19.48225520689791
5.0,20.0,11.105032614238498,209.4,18.856315625
5.0,21.0,6.763070847953392,128.0,18.926313634395054
5.0,22.0,10.438317151385775,201.6,19.31345801015788
5.0,23.0,8.795678239109328,169.6,19.282196936887278
5.0,24.0,8.432414144355104,159.2,18.879528125
5.0,0.0,8.616629790712398,169.0,19.613236741604002
5.0,1.0,9.420064818250399,185.6,19.702624512776094
5.0,2.0,13.022466647572807,247.4,18.997936926650656
5.0,3.0,12.774191017618337,245.4,19.210609866530177
5.0,4.0,7.858231437377149,154.8,19.69908894050947
5.0,5.0,11.97000454864652,227.4,18.997486515217133
5.0,6.0,10.882109526867081,206.0,18.93015315563605
5.0,7.0,8.20910456388215,161.6,19.68546005748258
5.0,8.0,17.76710975370715,339.6,19.113969841332334
5.0,9.0,6.587401558746079,128.2,19.461391393361943
5.0,10.0,12.03469432846306,220.8,18.346955391944565
5.0,11.0,25.417816514210013,471.6,18.55391472105201
5.0,12.0,8.467747447157008,160.0,18.895225796291193
5.0,13.0,10.071856733845367,193.4,19.202020551990238
5.0,14.0,11.025142069786368,208.2,18.884110398047167
5.0,15.0,15.475586378164218,312.4,20.186634119453522
5.0,16.0,13.725758472984447,256.4,18.680206307334934
5.0,17.0,9.409367891082802,178.4,18.959828339698415
5.0,18.0,7.628796144154553,146.8,19.24287885349817
5.0,19.0,11.800292131320521,230.4,19.524940351982362
5.0,20.0,12.062803904260486,226.4,18.7684390625
5.0,21.0,7.157880468980484,136.6,19.083861569353125
5.0,22.0,10.660724066596194,205.8,19.304504901767785
5.0,23.0,8.060592661182914,155.6,19.303791487853854
5.0,24.0,8.035993671522464,151.6,18.865121875
5.0,0.0,8.574452614525965,169.0,19.709712980826016
5.0,1.0,9.078015179734253,179.8,19.806091578408598
5.0,2.0,13.595337011178595,261.4,19.227180597661324
5.0,3.0,13.095712323072226,254.0,19.395661246505767
5.0,4.0,7.59196942785886,151.2,19.915780936257335
5.0,5.0,12.505439085546307,238.4,19.063704870270485
5.0,6.0,10.389342370698126,201.0,19.34674908460963
5.0,7.0,7.812138112483633,152.2,19.4825024607268
5.0,8.0,18.351817147558705,353.8,19.27874483247372
5.0,9.0,6.6939056963957775,130.2,19.450527973542265
5.0,10.0,13.23515882456525,243.6,18.405521477223513
5.0,11.0,25.180365411381825,467.0,18.54619630694122
5.0,12.0,8.589943498595453,163.0,18.975677782589866
5.0,13.0,9.185381984279488,179.2,19.509259419662193
5.0,14.0,9.855983696117937,188.0,19.07470687822355
5.0,15.0,15.961868218098708,322.4,20.19813693452498
5.0,16.0,14.378084226754497,269.4,18.736849482263082
5.0,17.0,10.00582283891189,189.8,18.968954683255248
5.0,18.0,8.284870256867006,160.6,19.38473325721485
5.0,19.0,11.667579649331062,228.6,19.592752470569707
5.0,20.0,11.42683833017397,214.4,18.7628453125
5.0,21.0,6.491714568685288,123.8,19.07046261663845
5.0,22.0,10.409357393544765,200.8,19.290335839993702
5.0,23.0,8.7659640900003,171.2,19.5300822867042
5.0,24.0,7.512766247188985,141.8,18.8745390625
5.0,0.0,8.744779593765331,173.8,19.874714752549313
5.0,1.0,9.577300150829563,188.8,19.713280050395685
5.0,2.0,13.741473405155942,262.4,19.09547777471554
5.0,3.0,11.905093648239257,230.6,19.369860230717745
5.0,4.0,7.569513821787294,150.6,19.895597464467105
5.0,5.0,13.041544134808383,248.6,19.062159927556202
5.0,6.0,10.537011458209609,203.0,19.265424623016653
5.0,7.0,9.374736507906581,184.8,19.712554037560533
5.0,8.0,17.717789671196986,342.4,19.325209653923384
5.0,9.0,6.385315801658569,125.4,19.638809401944958
5.0,10.0,12.752895350448311,237.0,18.584015118705462
5.0,11.0,24.891884998345297,466.0,18.720960667742826
5.0,12.0,8.621024763099603,163.8,19.000061419740934
5.0,13.0,10.138934856218464,195.2,19.252515453364307
5.0,14.0,10.623969297534583,202.8,19.088910587030984
5.0,15.0,15.591296751838106,316.0,20.267717626678216
5.0,16.0,13.691280623958761,257.4,18.800286625457694
5.0,17.0,8.962501339323772,170.2,18.990234261191386
5.0,18.0,8.22803685971368,159.4,19.37278633017048
5.0,19.0,11.769203606854672,230.8,19.610502775699832
5.0,20.0,11.68940674008755,220.6,18.8717875
5.0,21.0,6.785330026771756,129.8,19.129504311193354
5.0,22.0,10.618872380377411,207.2,19.512429623213514
5.0,23.0,8.387160583078,164.0,19.55369738966101
5.0,24.0,8.084035700559086,154.2,19.07463125
10.0,0.0,24.99658233208401,432.6,17.30636589645867
10.0,1.0,30.281750265077804,529.2,17.47587227843616
10.0,2.0,47.2722044757469,819.2,17.329422418205443
10.0,3.0,36.44588467774469,633.0,17.36821607149888
10.0,4.0,28.713383203644742,501.2,17.455275
10.0,5.0,45.64258053555457,791.2,17.334690342139453
10.0,6.0,42.85449146250928,707.0,16.497687310524036
10.0,7.0,18.362484625991907,326.0,17.75358872396551
10.0,8.0,58.623686782548646,974.0,16.614444663175714
10.0,9.0,24.259229335369756,432.2,17.81589983857632
10.0,10.0,54.280876893703834,941.6,17.346808929485412
10.0,11.0,50.86512749209997,871.4,17.131579983463915
10.0,12.0,45.07512126673116,755.2,16.754253317059728
10.0,13.0,53.85361079353663,900.0,16.71197133745423
10.0,14.0,55.29683413525785,935.8,16.923211150045276
10.0,15.0,37.09161423319036,641.2,17.28692625693925
10.0,16.0,33.94102492999815,596.4,17.57165557699122
10.0,17.0,35.38404981029013,610.8,17.262015039962204
10.0,18.0,31.516463566448117,555.6,17.62888145202567
10.0,19.0,41.719113570811565,715.2,17.143221386668767
10.0,20.0,35.606914024469475,617.0,17.3280953125
10.0,21.0,32.04590264076725,530.4,16.551257923540298
10.0,22.0,36.41222142279384,641.6,17.620457498326704
10.0,23.0,36.20704577708234,626.8,17.311547698728297
10.0,24.0,37.123781846163894,633.8,17.0726140625
10.0,0.0,25.10153433151056,436.2,17.377423795661272
10.0,1.0,30.197263493587403,532.4,17.630736643174927
10.0,2.0,48.86582079201874,840.4,17.19811488641285
10.0,3.0,38.06986100257952,655.0,17.205211228788535
10.0,4.0,28.46139478622824,495.0,17.3919796875
10.0,5.0,46.6452248828547,797.4,17.09499744084413
10.0,6.0,43.07629284553428,718.8,16.68667270364975
10.0,7.0,19.03726841918867,336.0,17.649590928776725
10.0,8.0,57.91668034735921,958.4,16.54790976022678
10.0,9.0,20.055657279501812,359.4,17.92013071380763
10.0,10.0,54.095898989205295,942.8,17.42830820111028
10.0,11.0,49.898277372294956,855.6,17.146884523012716
10.0,12.0,40.6983846309007,680.0,16.70827985353754
10.0,13.0,54.386141469106086,913.0,16.78736485688413
10.0,14.0,56.739894031952886,963.6,16.98275995117918
10.0,15.0,36.49639889303327,627.0,17.17977715658097
10.0,16.0,35.0236272574208,614.6,17.548153864325368
10.0,17.0,34.079218222226466,584.6,17.154149375959683
10.0,18.0,31.50669126355515,552.6,17.53913146186858
10.0,19.0,42.35887296365501,719.0,16.974011575258867
10.0,20.0,36.479004047795684,629.0,17.2427953125
10.0,21.0,31.694142501714428,525.0,16.564574983267057
10.0,22.0,35.855356957367064,638.2,17.799292885546674
10.0,23.0,34.58661990667815,604.8,17.486530965786056
10.0,24.0,35.08505425277586,607.0,17.3008140625
10.0,0.0,24.3816678737813,419.6,17.20965120894025
10.0,1.0,30.7809933809711,534.8,17.374358045592345
10.0,2.0,48.89801229458964,849.4,17.37084924603331
10.0,3.0,36.046012170815494,625.4,17.350046852238275
10.0,4.0,26.2313679787832,463.6,17.673496875
10.0,5.0,44.27654101555204,765.4,17.286806567187686
10.0,6.0,41.42910460941057,681.6,16.452202055199024
10.0,7.0,18.067504852261465,322.2,17.833120989015317
10.0,8.0,56.886653580794245,956.6,16.815895113980865
10.0,9.0,23.233628120362564,411.0,17.689875979369265
10.0,10.0,52.09071210438746,908.4,17.438809401944958
10.0,11.0,51.972671663571546,884.8,17.024331666601046
10.0,12.0,43.184295556622686,725.4,16.79777314067483
10.0,13.0,53.55483985375343,889.4,16.607275877003033
10.0,14.0,54.815101433511856,923.2,16.84207409740541
10.0,15.0,36.03215445838717,636.4,17.662002441040986
10.0,16.0,33.135933156367955,582.4,17.576085672664277
10.0,17.0,35.31886919073419,611.6,17.316522697744006
10.0,18.0,32.46356375849896,572.4,17.632075278554275
10.0,19.0,43.361014053900355,747.4,17.236681759124377
10.0,20.0,35.58882052934377,618.2,17.3706234375
10.0,21.0,32.8539394871827,543.8,16.552048505846688
10.0,22.0,38.303788957716414,673.0,17.570063388322374
10.0,23.0,37.79987409059769,657.0,17.381010275995116
10.0,24.0,38.36011598899226,657.0,17.1271640625
10.0,0.0,25.01846408775341,436.4,17.443117150169847
10.0,1.0,30.89830448968744,535.0,17.314865939603923
10.0,2.0,48.21309569134225,842.2,17.468283003267846
10.0,3.0,38.63469740350579,663.2,17.165916768376707
10.0,4.0,28.678032432223258,495.6,17.2815203125
10.0,5.0,46.12940363580192,785.4,17.02601677231387
10.0,6.0,43.443391962422254,722.8,16.63774321823694
10.0,7.0,18.340531157988064,316.2,17.240503956848695
10.0,8.0,58.414354253370504,969.2,16.59181227607386
10.0,9.0,22.918121810588726,404.6,17.65415173825741
10.0,10.0,52.80802898881585,920.2,17.425380526792395
10.0,11.0,51.002474839043934,868.8,17.03446749872042
10.0,12.0,42.72870873916837,723.8,16.93943068624749
10.0,13.0,53.428854047088656,890.8,16.672639080278753
10.0,14.0,56.34924773507686,954.2,16.93367770384661
10.0,15.0,39.97905173956301,684.4,17.118965313595023
10.0,16.0,34.792506070739115,612.2,17.59574313949368
10.0,17.0,34.36047200572902,590.0,17.170893342257568
10.0,18.0,31.837797932699967,562.6,17.670820111027993
10.0,19.0,43.71890040869257,750.0,17.155051773691877
10.0,20.0,34.903902689377475,605.6,17.3504953125
10.0,21.0,32.13978506576272,528.2,16.434459624394663
10.0,22.0,36.1113009079399,635.4,17.595599826764833
10.0,23.0,35.25505119629687,601.6,17.064221426040394
10.0,24.0,37.76460927611541,644.0,17.053003125
10.0,0.0,24.59805729717809,427.4,17.375355900526
10.0,1.0,29.738859598663122,519.2,17.458638529075948
10.0,2.0,48.6256679475351,840.8,17.29127918421985
10.0,3.0,36.535057200567266,629.6,17.23276349462577
10.0,4.0,28.077304814547812,485.2,17.2808609375
10.0,5.0,46.5249555198797,800.2,17.199371628804283
10.0,6.0,42.81702800117874,701.8,16.390675223433995
10.0,7.0,16.562134160328963,290.4,17.533972203630064
10.0,8.0,57.80414244390067,956.6,16.548986967990867
10.0,9.0,21.612387107787733,387.6,17.934159612583173
10.0,10.0,52.55097777203349,924.0,17.58292688688531
10.0,11.0,49.91339719957506,854.4,17.117648726327808
10.0,12.0,42.894063421732284,721.8,16.82750344501752
10.0,13.0,52.26236970412782,878.4,16.807504232450096
10.0,14.0,56.89455207069994,960.8,16.887381392968226
10.0,15.0,38.507693200533666,664.6,17.25888893263514
10.0,16.0,33.743769270654944,593.0,17.57361470924052
10.0,17.0,34.26587154164521,591.2,17.253318634591913
10.0,18.0,32.61908047242152,577.8,17.71355880152762
10.0,19.0,43.42274504552464,746.6,17.19375408480649
10.0,20.0,34.985616488400915,612.0,17.492903125
10.0,21.0,31.1012209047919,519.6,16.706739635418717
10.0,22.0,37.2171042169389,652.0,17.518826725461633
10.0,23.0,34.7393153607159,603.0,17.357855033662744
10.0,24.0,36.46344824914619,623.6,17.1020578125
15.0,0.0,61.100473304102586,920.2,15.060439800851974
15.0,1.0,91.6711633902647,1342.6,14.645827001063035
15.0,2.0,103.8628823607771,1628.2,15.676437655025788
15.0,3.0,99.92241340454781,1536.2,15.373928107405803
15.0,4.0,61.273895163682795,934.6,15.252825
15.0,5.0,95.5090867642988,1431.8,14.991243749753927
15.0,6.0,107.41265949056893,1639.8,15.26635694318674
15.0,7.0,40.498850938744056,639.6,15.793040670892555
15.0,8.0,102.95903171481018,1592.4,15.466345919130674
15.0,9.0,54.17487262498864,832.4,15.365056892003622
15.0,10.0,108.56604439010869,1664.8,15.334444663175715
15.0,11.0,99.80538542212534,1578.6,15.816781763061538
15.0,12.0,129.41135985551412,1760.6,13.604678924367102
15.0,13.0,114.12803075566656,1606.4,14.075420292137485
15.0,14.0,101.20086904886068,1560.2,15.41686365604945
15.0,15.0,93.3126086518853,1429.2,15.316258120398441
15.0,16.0,68.88297980298624,1106.4,16.062022914287965
15.0,17.0,99.1291548162956,1441.0,14.536591204378125
15.0,18.0,86.06256155471488,1308.2,15.200570101185086
15.0,19.0,76.12146358161496,1160.6,15.246685302570967
15.0,20.0,75.43730465264257,1112.2,14.74336875
15.0,21.0,80.48371742791576,1205.4,14.97694239930706
15.0,22.0,83.39097388562634,1284.4,15.40214654120241
15.0,23.0,80.62319365803562,1229.4,15.248713728886964
15.0,24.0,82.24763541125796,1169.2,14.21560625
15.0,0.0,64.64172231905164,949.4,14.687108665113437
15.0,1.0,89.20948465688467,1348.6,15.117226662467026
15.0,2.0,103.16618504675738,1635.4,15.852093389503525
15.0,3.0,97.35970050320596,1529.0,15.704649789361786
15.0,4.0,63.62758372206705,963.0,15.1349453125
15.0,5.0,90.5025925814936,1388.8,15.345416748690893
15.0,6.0,108.88865358491346,1660.0,15.244930902791449
15.0,7.0,28.92920053213139,473.6,16.37100200795307
15.0,8.0,104.61133208733388,1623.6,15.520307098704674
15.0,9.0,53.893706113869136,835.0,15.493460372455608
15.0,10.0,111.64239010562925,1742.4,15.606975077758968
15.0,11.0,101.25381664306424,1626.2,16.06062915862829
15.0,12.0,127.99883838653324,1741.6,13.606373479270838
15.0,13.0,109.38276026887078,1571.0,14.362409543682823
15.0,14.0,102.8259458654779,1605.6,15.614736013228868
15.0,15.0,91.82754315836509,1437.0,15.64889956297492
15.0,16.0,69.29746219897856,1124.6,16.228588527107366
15.0,17.0,101.01931595441349,1488.8,14.737775502972559
15.0,18.0,95.43893888210009,1446.6,15.157335328162526
15.0,19.0,80.59265383209896,1227.8,15.23463915902201
15.0,20.0,77.87895182257438,1148.0,14.740825
15.0,21.0,80.87545156073348,1230.0,15.208570416158116
15.0,22.0,81.57276792673471,1265.0,15.50762628449939
15.0,23.0,79.58136516531484,1222.6,15.362893027284539
15.0,24.0,78.41830290034184,1122.8,14.3180859375
15.0,0.0,63.6351077982456,943.8,14.831435549575987
15.0,1.0,91.94807574367258,1370.4,14.904063939525178
15.0,2.0,102.5429151747139,1631.2,15.907486121500847
15.0,3.0,97.89321779880511,1531.6,15.645619118862948
15.0,4.0,64.89594398288713,983.8,15.159653125
15.0,5.0,98.08803866376536,1465.4,14.93964014331273
15.0,6.0,108.5079568514365,1659.2,15.291044529312178
15.0,7.0,32.71660484963122,527.2,16.114141501633924
15.0,8.0,104.27388697015523,1624.0,15.57436906964841
15.0,9.0,53.49574599931847,822.8,15.380662230796489
15.0,10.0,113.74873140135229,1779.6,15.645009646049058
15.0,11.0,99.15643379224959,1596.8,16.10384660813418
15.0,12.0,125.25561910942442,1716.8,13.70637111697311
15.0,13.0,108.5719797289258,1543.4,14.215454151738257
15.0,14.0,99.13146522373137,1551.0,15.64588999566912
15.0,15.0,96.80330735856334,1490.2,15.394102130005118
15.0,16.0,67.32080492356664,1078.6,16.021792983975747
15.0,17.0,100.9402560894781,1471.2,14.574958069215324
15.0,18.0,91.07175524355556,1401.2,15.385670301980394
15.0,19.0,80.13744450469494,1221.2,15.238818851135871
15.0,20.0,79.35521360635146,1177.0,14.83204375
15.0,21.0,77.29109546173044,1170.8,15.147928658608606
15.0,22.0,80.32212662729195,1236.2,15.390528760974842
15.0,23.0,80.85428884154706,1225.6,15.158132209929525
15.0,24.0,81.61777975131865,1175.2,14.3988234375
15.0,0.0,64.16419207417448,945.6,14.737191717568525
15.0,1.0,90.88725104509038,1328.2,14.613710776014804
15.0,2.0,100.05665135150194,1583.8,15.829032639080278
15.0,3.0,96.53007289414106,1497.4,15.512264262372534
15.0,4.0,63.86966683853004,955.4,14.9585875
15.0,5.0,95.46126251061474,1423.4,14.910760266152211
15.0,6.0,106.44443222354248,1611.0,15.134657269971258
15.0,7.0,31.336101232144102,506.0,16.14750974447813
15.0,8.0,105.3207618085942,1626.2,15.44045041143352
15.0,9.0,52.54724040336009,808.0,15.376640025197842
15.0,10.0,109.38698312731009,1697.0,15.513728886964053
15.0,11.0,99.49896625262508,1588.2,15.961974880900822
15.0,12.0,123.73953308530119,1692.4,13.677116421906375
15.0,13.0,110.82006032898106,1555.0,14.031755580928383
15.0,14.0,100.16498155485722,1549.4,15.468479861411867
15.0,15.0,94.3373427973757,1479.4,15.682018977125084
15.0,16.0,67.84782515097766,1087.0,16.021147289263357
15.0,17.0,98.57765061711663,1452.4,14.7335627386905
15.0,18.0,93.21761313255688,1405.8,15.08084097799126
15.0,19.0,79.16623864725545,1198.4,15.137766053781645
15.0,20.0,77.65880603401241,1157.6,14.9062296875
15.0,21.0,81.81681246471454,1217.6,14.882026851450844
15.0,22.0,80.60338943044613,1229.4,15.25246033308398
15.0,23.0,79.95605705592908,1219.6,15.253378479467695
15.0,24.0,78.14109128172832,1127.6,14.4303078125
15.0,0.0,64.39910083817053,952.0,14.782815095389221
15.0,1.0,90.17395201943417,1368.4,15.175113980865389
15.0,2.0,102.75774222408633,1623.6,15.800269301941022
15.0,3.0,98.04491976007104,1535.6,15.662208748375921
15.0,4.0,62.93498268908485,948.4,15.0695203125
15.0,5.0,94.85275811751055,1425.4,15.027501870152369
15.0,6.0,107.9257702930826,1630.2,15.104826174258829
15.0,7.0,32.58448472376944,517.4,15.878722784361589
15.0,8.0,105.74790779313663,1645.8,15.563428481436278
15.0,9.0,55.797434429392744,853.2,15.291025630930351
15.0,10.0,108.19432621321074,1722.4,15.919503917477066
15.0,11.0,99.32188982535389,1589.8,16.00654198984212
15.0,12.0,124.7382409779984,1716.0,13.756807748336549
15.0,13.0,111.0266347855077,1575.0,14.1857852671365
15.0,14.0,99.52962213024686,1560.0,15.673725737233749
15.0,15.0,93.88945538515691,1439.2,15.328664908067246
15.0,16.0,68.41727602471107,1099.2,16.06611756368361
15.0,17.0,100.83597463483962,1466.0,14.538462144178904
15.0,18.0,90.44069169957012,1382.0,15.28073231229576
15.0,19.0,76.57864623573947,1166.8,15.236623489113745
15.0,20.0,78.80971158847703,1183.2,15.013378125
15.0,21.0,82.51167151934703,1235.4,14.972427260915785
15.0,22.0,81.17472681117033,1248.8,15.384098586558526
15.0,23.0,82.77324084007554,1253.0,15.137742430804362
15.0,24.0,81.72271582820633,1169.2,14.306915625
20.0,0.0,160.82956697743347,2204.4,13.706434963599117
20.0,1.0,160.7728305911505,2305.6,14.340731524863184
20.0,2.0,181.03388771405574,2660.0,14.693381629197999
20.0,3.0,151.19205033409563,2228.8,14.741515807708964
20.0,4.0,147.18311813550918,2104.8,14.300553125
20.0,5.0,168.36684453462294,2431.2,14.439897633765108
20.0,6.0,185.25958674528943,2778.6,14.998414110791764
20.0,7.0,167.35111080428328,2424.2,14.485712035906925
20.0,8.0,190.17561696398394,2740.8,14.411942202448916
20.0,9.0,165.83992326248992,2448.2,14.762428442064648
20.0,10.0,168.82887228945472,2596.2,15.377701484310405
20.0,11.0,184.01578121000443,2630.0,14.292252450883893
20.0,12.0,253.97004510059142,3293.8,12.969246033308398
20.0,13.0,183.85962623776544,2529.4,13.757234536792787
20.0,14.0,154.39328394716992,2222.2,14.393113114689555
20.0,15.0,178.17651357690323,2586.0,14.51369738966101
20.0,16.0,156.28296456749132,2270.0,14.524935627386904
20.0,17.0,43.66380509361982,671.4,15.37658018032206
20.0,18.0,127.693862764545,1804.4,14.130671286271113
20.0,19.0,168.85781061519904,2328.0,13.786747509744478
20.0,20.0,186.94292125558965,2508.8,13.4201390625
20.0,21.0,88.87880010414997,1359.0,15.290485452183157
20.0,22.0,127.08383583282492,1862.0,14.651745344304894
20.0,23.0,156.65615924854058,2220.8,14.176269931887083
20.0,24.0,181.7613917677208,2386.8,13.1315015625
20.0,0.0,145.42437666956806,2043.4,14.051289383505454
20.0,1.0,158.19636271280012,2202.2,13.92067404228513
20.0,2.0,193.35718220638307,2780.4,14.379605496279382
20.0,3.0,156.38304631963828,2250.4,14.390306704988385
20.0,4.0,137.218660554916,1908.2,13.906271875
20.0,5.0,174.86214542769616,2475.4,14.15629434229694
20.0,6.0,168.4804615880136,2472.2,14.673511555573054
20.0,7.0,148.43488702901624,2125.2,14.3173888735777
20.0,8.0,180.28635579727018,2642.2,14.655573841489822
20.0,9.0,163.63769442878754,2440.6,14.914656482538682
20.0,10.0,183.23838851003742,2749.4,15.004497814874602
20.0,11.0,184.38205551103977,2578.4,13.9840072443797
20.0,12.0,247.74320667308092,3191.0,12.880272451671326
20.0,13.0,181.6556590995195,2544.0,14.004518288121579
20.0,14.0,170.8939231923739,2469.6,14.451069727154612
20.0,15.0,170.79180982662817,2472.0,14.473761959132249
20.0,16.0,152.1125496700015,2167.2,14.247345171069727
20.0,17.0,57.80631098091667,850.4,14.711196503799362
20.0,18.0,148.5231072978819,2014.0,13.560179534627348
20.0,19.0,159.77928836845305,2193.2,13.726434899011773
20.0,20.0,191.04341277838202,2551.6,13.3561265625
20.0,21.0,119.58371350305426,1803.8,15.083993858025906
20.0,22.0,154.1193214481477,2178.6,14.135800622071734
20.0,23.0,170.39834322079506,2386.0,14.002483562344974
20.0,24.0,179.14195226525248,2371.0,13.2353140625
20.0,0.0,124.04143818770213,1768.2,14.254913727494214
20.0,1.0,155.04632738259912,2144.8,13.83328477499114
20.0,2.0,201.44190760718962,2899.8,14.395217134532855
20.0,3.0,169.54943084447507,2423.8,14.29553604472617
20.0,4.0,125.73468383182411,1803.2,14.341309375
20.0,5.0,172.41623050076353,2424.6,14.062481200047246
20.0,6.0,162.3803591861252,2368.8,14.587971179967715
20.0,7.0,137.16038638976943,2008.2,14.641253592661128
20.0,8.0,176.5277098277743,2523.0,14.29237371550061
20.0,9.0,147.8260783939896,2222.4,15.033883223748967
20.0,10.0,186.75844659881474,2812.6,15.060095279341706
20.0,11.0,181.90276356984344,2554.8,14.04486633332021
20.0,12.0,228.90271997476975,2958.2,12.92339383440293
20.0,13.0,173.44130471115741,2391.0,13.785643529272805
20.0,14.0,178.327640891255,2648.6,14.852436710106698
20.0,15.0,168.92551829700503,2405.8,14.241779597621953
20.0,16.0,155.19891218724578,2279.0,14.68438127485334
20.0,17.0,87.8166545243096,1232.0,14.0292294972243
20.0,18.0,163.69101873590202,2195.2,13.410631914642309
20.0,19.0,156.86255743981457,2146.8,13.685866372691839
20.0,20.0,188.57097607424538,2481.8,13.1610921875
20.0,21.0,144.02220240828385,2089.0,14.504708059372415
20.0,22.0,152.40102371159819,2164.6,14.203316666010473
20.0,23.0,166.75287192634806,2342.0,14.04473561951258
20.0,24.0,178.5836922629666,2384.2,13.350603125
20.0,0.0,129.3014960247667,1750.6,13.538899810290564
20.0,1.0,159.98051039960438,2152.2,13.45288869640537
20.0,2.0,205.61466162146527,2887.8,14.044718295995905
20.0,3.0,173.2102954233635,2427.4,14.014178510965
20.0,4.0,93.15240810890506,1351.0,14.5031140625
20.0,5.0,175.65578288203506,2415.2,13.749618488916887
20.0,6.0,153.43510865880447,2171.2,14.15060750423245
20.0,7.0,60.40050706922678,932.6,15.440267727075868
20.0,8.0,187.77520697491565,2654.2,14.134986416788063
20.0,9.0,55.74519454496965,841.4,15.093677703846609
20.0,10.0,170.85129320606077,2514.8,14.719233040670893
20.0,11.0,175.79029751453126,2464.2,14.017838497578644
20.0,12.0,223.8488237529116,2836.4,12.671051616205363
20.0,13.0,166.66057750033846,2221.8,13.331287058545612
20.0,14.0,187.3228021373477,2614.2,13.955588802708768
20.0,15.0,152.7950013796135,2216.0,14.503092247726288
20.0,16.0,145.84829082163424,2094.2,14.358755856529784
20.0,17.0,159.63603096978025,2177.8,13.642283554470648
20.0,18.0,178.19679311904184,2363.8,13.26510964998622
20.0,19.0,161.4801505371653,2145.2,13.28460490570495
20.0,20.0,165.74609260175214,2168.2,13.0814546875
20.0,21.0,154.7351114365027,2140.2,13.831379188157014
20.0,22.0,145.3318503384769,2002.6,13.779498405449033
20.0,23.0,125.02029992927315,1692.0,13.53380211819363
20.0,24.0,106.07519274194937,1424.8,13.43198125
25.0,0.0,163.32439429904144,1996.2,12.222301564731508
25.0,1.0,257.6780599235479,3093.4,12.00490255521871
25.0,2.0,288.42357097238977,3680.6,12.761092956415608
25.0,3.0,264.0192036601544,3264.6,12.365009646049057
25.0,4.0,196.69326585765447,2367.0,12.033965625
25.0,5.0,264.15484240929493,3194.2,12.092150084649003
25.0,6.0,253.37274856713324,3216.4,12.694340722075673
25.0,7.0,63.27539992596796,925.0,14.618635379345644
25.0,8.0,249.17704418520037,3213.0,12.894446238040867
25.0,9.0,142.15087589814163,1881.8,13.238047167211308
25.0,10.0,255.5262953063696,3355.4,13.13132957990472
25.0,11.0,235.87039341533463,3008.6,12.755310051576833
25.0,12.0,304.26017977547997,3462.0,11.378419622819797
25.0,13.0,257.82152540045314,2977.4,11.548298751919367
25.0,14.0,262.3231331357657,3265.8,12.449531083900942
25.0,15.0,200.45532687945806,2582.8,12.884666325445883
25.0,16.0,162.5606028905673,2143.8,13.187697153431237
25.0,17.0,249.34023313342544,2915.4,11.692457183353675
25.0,18.0,236.1135612272745,2861.4,12.11874483247372
25.0,19.0,203.01351190630473,2578.0,12.698662152053231
25.0,20.0,244.8891358004716,2885.2,11.7816578125
25.0,21.0,217.00806204953363,2675.0,12.32673097366038
25.0,22.0,212.4859518736254,2665.6,12.544829323989134
25.0,23.0,216.77864770351817,2665.0,12.293646206543565
25.0,24.0,210.96731561213534,2458.8,11.6548859375
25.0,0.0,168.34260413240162,2053.6,12.198932115751527
25.0,1.0,252.28658540132116,3073.8,12.183763140281114
25.0,2.0,291.5876125655651,3684.4,12.635653372180007
25.0,3.0,257.0344064072418,3230.4,12.567967242804835
25.0,4.0,200.1662362913096,2411.6,12.0479859375
25.0,5.0,273.7725428950967,3272.0,11.951527225481318
25.0,6.0,258.48842630856524,3268.0,12.642732391039017
25.0,7.0,62.95783874468891,913.8,14.514475373046183
25.0,8.0,251.7138633334067,3205.2,12.733506043545022
25.0,9.0,154.12814761572054,2005.6,13.012548525532502
25.0,10.0,254.61094800247935,3384.6,13.293222567817631
25.0,11.0,237.8205081868476,3057.0,12.854232056380173
25.0,12.0,307.78260564170756,3519.4,11.434694279302335
25.0,13.0,255.72394964758726,3019.4,11.807263278081814
25.0,14.0,268.1827979876136,3258.2,12.149175951809127
25.0,15.0,197.79625546852245,2558.2,12.933510768140478
25.0,16.0,167.13660722200584,2146.8,12.844582857592819
25.0,17.0,254.2631989756019,2951.4,11.607656994369856
25.0,18.0,231.56605683034368,2818.0,12.169313752509941
25.0,19.0,199.90506899791532,2543.6,12.72403952911532
25.0,20.0,249.65184792033705,2899.4,11.6137734375
25.0,21.0,213.20680493794836,2647.2,12.416114020237018
25.0,22.0,221.64437274645158,2717.8,12.261985117524311
25.0,23.0,226.6718134069172,2747.0,12.118842474113155
25.0,24.0,199.07551378374905,2386.6,11.988415625
25.0,0.0,162.7603262748176,2011.6,12.359277263941172
25.0,1.0,250.26355466259093,3049.6,12.185553761959133
25.0,2.0,296.136445207943,3696.8,12.483434780896886
25.0,3.0,261.04120498662763,3275.2,12.546678215677783
25.0,4.0,210.56733849038662,2504.0,11.8916828125
25.0,5.0,269.45991352966536,3298.8,12.242266230953975
25.0,6.0,250.5539461904652,3248.4,12.964872632780818
25.0,7.0,65.52082199986164,974.0,14.865503366274263
25.0,8.0,248.07372212559352,3149.6,12.69622583566282
25.0,9.0,153.3440654268558,2002.4,13.058216465215166
25.0,10.0,249.31574419701357,3248.8,13.030865782117406
25.0,11.0,241.16140355183543,3063.6,12.703525335643135
25.0,12.0,313.484276363058,3600.6,11.48574353320997
25.0,13.0,262.49292366758146,3092.4,11.7808890113784
25.0,14.0,265.3953569367504,3267.8,12.312950903578882
25.0,15.0,178.4090521350323,2388.0,13.384971061852829
25.0,16.0,154.62141387212998,2086.6,13.49489664947439
25.0,17.0,258.7642829300303,2906.4,11.231843773376905
25.0,18.0,223.15252354968985,2703.4,12.114584038741683
25.0,19.0,199.14232788788212,2489.4,12.500607110516162
25.0,20.0,254.86973328878088,2996.2,11.755809375
25.0,21.0,218.55343698525166,2729.6,12.489394070632702
25.0,22.0,224.031924525771,2777.6,12.398233001299264
25.0,23.0,225.07895968306303,2672.4,11.873166660104728
25.0,24.0,208.59909887469155,2433.8,11.66735625
25.0,0.0,166.26243998253472,2005.2,12.0604509365473
25.0,1.0,246.06873251407725,3009.2,12.229103508012127
25.0,2.0,299.3386390786255,3700.8,12.363255246269539
25.0,3.0,266.5871965533764,3278.0,12.296164415921886
25.0,4.0,213.678837630126,2593.8,12.138778125
25.0,5.0,267.4281547255763,3280.6,12.26721996929013
25.0,6.0,262.6615317816275,3335.4,12.698471593369817
25.0,7.0,71.07757973660523,1049.2,14.761335485649042
25.0,8.0,251.1126537292599,3189.0,12.699479507067208
25.0,9.0,149.30763468518697,1901.6,12.736120319697626
25.0,10.0,253.4791349521662,3296.0,13.003042639473994
25.0,11.0,249.22053838011647,3144.4,12.616937674711602
25.0,12.0,314.58697016736096,3579.4,11.378093625733296
25.0,13.0,257.09566151910894,3043.0,11.83606126225442
25.0,14.0,258.5774845670842,3161.2,12.22534902948935
25.0,15.0,177.53154149302782,2395.8,13.495066734910823
25.0,16.0,158.26763162993618,2081.4,13.151141383519036
25.0,17.0,243.09283568215508,2829.4,11.639174770660262
25.0,18.0,228.5700539457815,2703.2,11.826571124847435
25.0,19.0,195.97452355770594,2513.4,12.825136422693808
25.0,20.0,262.36604785938533,3051.6,11.631078125
25.0,21.0,210.44988586659238,2646.6,12.575915587227843
25.0,22.0,225.01428591759446,2838.6,12.615199023583605
25.0,23.0,218.5000346003645,2650.4,12.129975195873854
25.0,24.0,209.68322245959274,2455.0,11.7081375
25.0,0.0,166.60277573660287,2014.8,12.093435965228913
25.0,1.0,243.53493497914562,2999.4,12.31609748415292
25.0,2.0,283.89430803179715,3617.8,12.743474939958267
25.0,3.0,254.89567908355178,3159.8,12.396443954486397
25.0,4.0,213.74141708524604,2594.4,12.13803125
25.0,5.0,268.8475118254407,3259.6,12.12434505295484
25.0,6.0,246.44111309927956,3198.2,12.977542422930037
25.0,7.0,74.82305197093717,1095.0,14.634527343596204
25.0,8.0,247.00886301192412,3138.2,12.704807275877004
25.0,9.0,152.44988273104886,1959.6,12.854060396078586
25.0,10.0,257.4731503833251,3343.0,12.983878105437222
25.0,11.0,245.9709257540072,3147.0,12.794195047049097
25.0,12.0,314.38057215164986,3576.2,11.375384857671563
25.0,13.0,269.4939050811663,3120.6,11.579482656797511
25.0,14.0,266.7443384533085,3244.8,12.164456868380645
25.0,15.0,178.93130022916802,2365.2,13.21848104256073
25.0,16.0,154.99639093385235,2026.0,13.071272097326666
25.0,17.0,251.43563696215494,2886.0,11.478086538840111
25.0,18.0,233.15147140871935,2801.6,12.016222685932517
25.0,19.0,201.16447212523747,2544.2,12.647362494586401
25.0,20.0,259.69681794487406,3009.4,11.588128125
25.0,21.0,225.6566590546381,2827.8,12.531427221544154
25.0,22.0,224.7492115667362,2748.0,12.226961691405174
25.0,23.0,227.1055059585373,2749.2,12.105386826253001
25.0,24.0,207.3339080854935,2450.0,11.8166875
30.0,0.0,269.83827688559245,2691.2,9.973381208408139
30.0,1.0,378.0314923661137,3943.6,10.431935115555731
30.0,2.0,345.953967024455,3791.2,10.958683412732785
30.0,3.0,370.94510986734025,4012.0,10.815616362848932
30.0,4.0,329.9108113853538,3351.2,10.157896875
30.0,5.0,372.64561280810386,3980.8,10.682535532894995
30.0,6.0,313.63523919923847,3618.0,11.535693531241387
30.0,7.0,92.21149366993934,1258.2,13.644719870861058
30.0,8.0,351.97966673876255,3977.6,11.300652781605574
30.0,9.0,200.07362423576754,2268.6,11.338825938029057
30.0,10.0,346.1578666855916,3840.8,11.095515571479192
30.0,11.0,313.8138263848927,3649.2,11.628550730343715
30.0,12.0,361.0956915684062,3809.2,10.54900429150754
30.0,13.0,352.3778290234255,3742.8,10.621553604472616
30.0,14.0,345.0693367076062,3733.0,10.818115673845426
30.0,15.0,268.8521496143713,3090.6,11.495537619591323
30.0,16.0,212.26089963483457,2658.4,12.524209614551754
30.0,17.0,343.9563103863789,3631.8,10.558899169258632
30.0,18.0,315.958129209758,3343.2,10.58114886412851
30.0,19.0,294.43335671145604,3083.6,10.472998149533446
30.0,20.0,407.10442844784814,3917.8,9.623575
30.0,21.0,330.16285440723993,3509.8,10.630511437458168
30.0,22.0,312.5630237051424,3380.8,10.816378597582583
30.0,23.0,324.9759916809572,3304.4,10.168135753376117
30.0,24.0,296.49754902752784,2867.4,9.67090625
30.0,0.0,263.0831266409643,2723.0,10.35034072601753
30.0,1.0,363.6335342117876,3920.2,10.780633883223748
30.0,2.0,340.49652940984197,3756.8,11.03329894877751
30.0,3.0,370.63065092295045,3905.2,10.536635300602386
30.0,4.0,339.618986467,3413.2,10.0500859375
30.0,5.0,365.32013848353773,3984.0,10.905503366274262
30.0,6.0,307.67315231026373,3583.4,11.646775069884642
30.0,7.0,92.97854823345885,1276.2,13.725746682940274
30.0,8.0,352.0576229912215,3856.0,10.952752470569708
30.0,9.0,208.50933157637687,2427.2,11.64072601283515
30.0,10.0,342.22810834901736,3797.2,11.095523445804952
30.0,11.0,326.60690225518744,3682.0,11.273491082326077
30.0,12.0,361.73568086787054,3735.8,10.327430213787945
30.0,13.0,357.4430268924286,3854.0,10.782137879444072
30.0,14.0,343.1884274760921,3732.4,10.875658096775464
30.0,15.0,251.52850370519525,2966.6,11.794289538958227
30.0,16.0,204.6950920996458,2583.2,12.619745659277925
30.0,17.0,339.1444085984429,3686.6,10.87029568093232
30.0,18.0,314.97164820029326,3397.6,10.78700263789913
30.0,19.0,297.72233840429124,3210.6,10.783873380841765
30.0,20.0,419.2049844624175,3960.8,9.4483609375
30.0,21.0,329.39325309417666,3582.8,10.87696838458207
30.0,22.0,308.7635461469214,3403.0,11.021378794440727
30.0,23.0,306.19221633828585,3349.0,10.93757392023308
30.0,24.0,295.70370804224575,2903.0,9.817259375
30.0,0.0,266.89431010774814,2677.8,10.033185042120017
30.0,1.0,373.95022284567057,3967.4,10.609433442261507
30.0,2.0,340.6227501936649,3811.4,11.189505098625931
30.0,3.0,371.4588978628442,3954.4,10.645592346155361
30.0,4.0,333.2562868108302,3370.2,10.1129375
30.0,5.0,371.04113208484836,3880.2,10.457600692940668
30.0,6.0,302.6112327923006,3523.6,11.643982833969842
30.0,7.0,92.09649084730417,1276.4,13.859377140832317
30.0,8.0,353.03219628595525,3965.6,11.232969801960706
30.0,9.0,197.89530464920057,2265.0,11.445445883696209
30.0,10.0,350.8278501094682,3941.6,11.2351399661404
30.0,11.0,322.4313762512693,3757.0,11.652091814638371
30.0,12.0,367.6545415559113,3915.4,10.649671246899484
30.0,13.0,372.99118019504664,3942.0,10.568614512382377
30.0,14.0,340.1573843108517,3678.4,10.81381786684515
30.0,15.0,267.9542186465537,3054.4,11.398962163864718
30.0,16.0,199.73374743877199,2540.4,12.718932241426828
30.0,17.0,332.8198836380249,3575.0,10.741545730146855
30.0,18.0,298.13317531577184,3314.4,11.117179416512462
30.0,19.0,291.35021899659336,3097.2,10.63050513799756
30.0,20.0,417.487113681761,3967.2,9.50256875
30.0,21.0,336.7750718969768,3667.6,10.890354738375526
30.0,22.0,314.2879240625852,3423.0,10.891287058545611
30.0,23.0,319.84587371929234,3315.4,10.365617543997795
30.0,24.0,286.5669411337079,2876.4,10.0374453125
30.0,0.0,260.91729899712266,2690.0,10.309780188356406
30.0,1.0,357.9848591163694,3892.0,10.871968187723926
30.0,2.0,356.9806146260672,3951.8,11.070068900350407
30.0,3.0,371.78779035430273,3916.0,10.532890271270523
30.0,4.0,326.32528995254967,3248.4,9.954484375
30.0,5.0,367.05972898247626,3993.2,10.87888342060711
30.0,6.0,297.5001352763369,3515.4,11.816465215165952
30.0,7.0,82.95217769097707,1154.8,13.921274065908106
30.0,8.0,354.41226689373957,3939.4,11.115303752116224
30.0,9.0,196.8004596536025,2315.2,11.76420016536084
30.0,10.0,331.4701904382873,3789.4,11.432098901531557
30.0,11.0,318.6087122024147,3672.4,11.526364030079925
30.0,12.0,367.1375085030457,3843.6,10.469101933146975
30.0,13.0,357.701840543635,3937.6,11.0080507106579
30.0,14.0,343.72143008686425,3646.0,10.60742706405764
30.0,15.0,274.3397467118985,3201.4,11.669472026457735
30.0,16.0,202.27811865318048,2530.0,12.50753179259026
30.0,17.0,344.3298367219691,3720.6,10.805337218000709
30.0,18.0,309.96284799814623,3294.8,10.629661010275996
30.0,19.0,282.764500998175,3040.6,10.75311783928501
30.0,20.0,413.9237959164802,3972.6,9.59741875
30.0,21.0,324.19420233566257,3541.4,10.92369935824245
30.0,22.0,329.490516226028,3512.2,10.659487381392967
30.0,23.0,319.2045906402821,3330.0,10.43218079451947
30.0,24.0,289.3130544117029,2928.0,10.120525
30.0,0.0,258.50403173273605,2674.4,10.345680034750977
30.0,1.0,359.1324475181214,3936.0,10.959744871845349
30.0,2.0,348.06550599480903,3848.6,11.057114059608645
30.0,3.0,375.0861572937755,3956.6,10.548509783849758
30.0,4.0,340.68559530853287,3411.6,10.013925
30.0,5.0,369.15854678615557,4006.2,10.852247726288436
30.0,6.0,303.359587070107,3490.6,11.506476632938305
30.0,7.0,95.5603213437783,1335.0,13.970233473758809
30.0,8.0,355.0961730240326,3928.2,11.062355210835072
30.0,9.0,193.09493834904427,2271.8,11.765197055002165
30.0,10.0,342.8885026499647,3938.0,11.484782865467144
30.0,11.0,323.64767178011687,3690.4,11.402522933973778
30.0,12.0,366.22584477276746,3811.2,10.406693176896729
30.0,13.0,365.4898954218465,3867.6,10.581961494547029
30.0,14.0,329.71017052195896,3581.2,10.861660695302964
30.0,15.0,255.30987448355123,3080.8,12.066904996259696
30.0,16.0,190.83835222115448,2425.4,12.70918540100004
30.0,17.0,345.3642556405618,3648.0,10.562760738611756
30.0,18.0,307.4203337610511,3292.4,10.709766526241191
30.0,19.0,291.2341384661554,3143.8,10.794750974447814
30.0,20.0,423.08387957453175,4016.8,9.4940984375
30.0,21.0,334.4025823566845,3588.4,10.73077837710146
30.0,22.0,315.46715667758866,3444.8,10.919678727508957
30.0,23.0,319.1559337339538,3424.2,10.728924760817355
30.0,24.0,301.5952583459013,3044.0,10.092996875
