,index,focus_intensity,background_intensity,focus_std,background_std,centre_distance,segment
0,0,426.3783783783784,15.977421314758082,2.7280838900684605,0.012768684729931186,453,10
1,1,528.6756756756756,15.873285312088175,2.7218387562150457,0.011968754502951347,357,10
2,2,852.5405405405405,15.708663506135652,3.379047413666329,0.01213045683901808,320,10
3,3,655.972972972973,15.994988575878416,3.0509399302475293,0.012307779913631313,357,10
4,4,480.0810810810811,16.050010482808194,3.9369349868139034,0.012795452755643569,453,10
5,5,786.8918918918919,15.81643105307296,3.6354684432311357,0.01256360843055612,357,10
6,6,711.5405405405405,15.350991160211539,3.4420156907657846,0.012018400413481296,226,10
7,7,328.5405405405405,15.569139468414656,1.94541831983375,0.012711257534337916,160,10
8,8,932.2702702702703,15.16585086172962,5.600747191184383,0.011526299746228078,226,10
9,9,422.3783783783784,16.414849646579608,2.376950231954435,0.012918644477086485,357,10
10,10,935.8648648648649,15.913011946122644,3.107558626437369,0.012685348270884893,320,10
11,11,857.6486486486486,15.624888753872222,4.955789380124541,0.012255752020207811,160,10
12,12,734.6216216216217,15.320981447568844,3.156116038122492,0.01200241780229473,0,10
13,13,926.4864864864865,15.215642061305173,4.002486740094649,0.012355031688093885,160,10
14,14,948.7567567567568,15.627815382772253,4.846874453999689,0.012912747459854258,320,10
15,15,659.918918918919,16.075476219000837,2.7422454258722238,0.012828954972976595,357,10
16,16,600.918918918919,15.882979770319533,2.8496224753168775,0.01356576247072063,226,10
17,17,589.7837837837837,15.741430839138099,3.6196313884250406,0.011877621095608712,160,10
18,18,556.0540540540541,15.697045773502884,3.1318589466276845,0.012919278724327441,226,10
19,19,734.3243243243244,15.721689999828852,3.686203931086084,0.011943840975916234,357,10
20,20,613.3243243243244,15.91095924113026,3.0513152163264015,0.012453848429348716,453,10
21,21,531.8378378378378,15.278819165140598,2.7462740582628817,0.011727807599138051,357,10
22,22,643.2702702702703,15.783848773725376,3.6472767488178057,0.013113602680050403,320,10
23,23,613.7297297297297,16.02743072789197,4.363948301164374,0.012359306633520301,357,10
24,24,623.0,15.876172363038902,3.4962152133579267,0.01235376027050431,453,10
25,0,430.7027027027027,16.06026545037567,2.255377427599977,0.012608311281678272,453,10
26,1,536.027027027027,15.906147846103819,2.792687541706878,0.012340421605220097,357,10
27,2,847.7297297297297,15.661642763011518,3.1387790214168563,0.012009707160810094,320,10
28,3,659.6756756756756,15.925314270310976,3.7909303271292614,0.0123756013216084,357,10
29,4,458.86486486486484,16.048951505245682,4.318604690757888,0.012630938896431363,453,10
30,5,782.4324324324324,15.65353891047254,4.370787637654165,0.012326586563892104,357,10
31,6,726.8648648648649,15.47333622858512,4.711728238984665,0.012066739933544145,226,10
32,7,330.2432432432432,15.517367232025194,2.186486621924095,0.012958436035697471,160,10
33,8,951.3243243243244,15.074856877577915,4.122495087606503,0.011459247170205711,226,10
34,9,387.4864864864865,16.405574500676035,2.1613585065976015,0.013072741922348112,357,10
35,10,948.1891891891892,15.994529685601329,3.4585805128862677,0.012553392312781587,320,10
36,11,826.7027027027027,15.695769652056342,4.803648610992354,0.012398542994527405,160,10
37,12,721.3513513513514,15.440452301083367,3.520619885365833,0.012165197642078886,0,10
38,13,920.7297297297297,15.219276814595492,3.5574485174346764,0.012150784442687653,160,10
39,14,972.2432432432432,15.621708612161768,3.8714563721925397,0.012732013551333814,320,10
40,15,656.972972972973,15.930273280391587,2.891130611211339,0.012803129040885663,357,10
41,16,608.1351351351351,15.841495661401016,3.081356593220452,0.01339058605823664,226,10
42,17,578.081081081081,15.703703426380736,3.9127404004125137,0.012071156278216717,160,10
43,18,559.7567567567568,15.684957384175666,2.8406435050655867,0.012554327308423404,226,10
44,19,738.0,15.561077333173595,3.8149297272635434,0.012014971614732762,357,10
45,20,618.0,15.811956605452771,4.162688629392537,0.012408878574050765,453,10
46,21,530.7837837837837,15.292578385733112,2.214282325362698,0.011590824571039082,357,10
47,22,648.6216216216217,15.956139074774512,2.3045517735701937,0.013143919587329163,320,10
48,23,594.4054054054054,16.110247051977613,4.002639643910727,0.012499546687674072,357,10
49,24,613.5135135135135,16.040420852658784,3.4936280558858983,0.012459342170628104,453,10
50,0,421.0810810810811,15.963873889678071,2.5041611471617666,0.012512960547416312,453,10
51,1,526.3783783783783,15.799160091735269,2.8372847212192527,0.011964726731228599,357,10
52,2,842.5675675675676,15.752484853411833,3.898556707059682,0.012115433483911406,320,10
53,3,663.4324324324324,16.071861789522327,4.100729600771323,0.012500356327834047,357,10
54,4,466.02702702702703,16.128910729261154,3.361468270815562,0.012969807282728146,453,10
55,5,780.1081081081081,15.769913056872443,3.3926797370334136,0.012446668917171968,357,10
56,6,693.1891891891892,15.40244784268086,3.436757827516101,0.01191553298802517,226,10
57,7,326.2972972972973,15.654957298601722,2.1325214467307916,0.012653991063909738,160,10
58,8,927.027027027027,15.231879717263688,5.398169005718261,0.011747342639850432,226,10
59,9,415.3243243243243,16.357240197504662,2.2489520501053,0.012866292938982154,357,10
60,10,923.3783783783783,16.064754873436137,3.2214019858360143,0.012656006898992067,320,10
61,11,843.3513513513514,15.694786621369525,5.1438356188690815,0.012477723106438715,160,10
62,12,726.8648648648649,15.44611515685704,3.569647665942103,0.01257218402448656,0,10
63,13,919.2432432432432,15.13632785089596,3.571538618214252,0.012210066828233168,160,10
64,14,959.5945945945946,15.565624518646562,3.9499164510141105,0.01248500168007268,320,10
65,15,649.7297297297297,16.23249905868661,3.210339543321949,0.013191363280463721,357,10
66,16,607.3243243243244,15.824892176829998,3.0069444955792917,0.013455395737355427,226,10
67,17,598.5405405405405,15.775652929196118,3.3512629880666895,0.011971696614329938,160,10
68,18,558.7027027027027,15.788433397799038,3.441011807146928,0.013005671855643544,226,10
69,19,741.027027027027,15.756307869379931,3.842305448073948,0.011984382082266319,357,10
70,20,617.1081081081081,15.980920219411594,3.076047045404608,0.012516803595795245,453,10
71,21,539.8378378378378,15.307707859111058,2.8509384902875814,0.011519655205967151,357,10
72,22,648.7567567567568,15.77197004056205,4.103198596496023,0.012977814343350505,320,10
73,23,625.5135135135135,16.127281615293775,4.7537800301496755,0.012392087203862819,357,10
74,24,637.0,15.942986359513256,3.3469893146838317,0.012408181148103724,453,10
75,0,429.72972972972974,16.092617749747557,2.647172409522931,0.012799578356465134,453,10
76,1,525.6756756756756,15.756508968149378,3.1309510883102076,0.012110830988925306,357,10
77,2,852.2972972972973,15.83698912355166,3.357419281109686,0.012208124162694331,320,10
78,3,662.0,15.889771132485581,3.540643695629514,0.01227243526283352,357,10
79,4,477.0810810810811,15.956111263242567,3.2086848859636876,0.012747492448597676,453,10
80,5,789.2972972972973,15.57484832018347,3.706915115172654,0.012126547154910518,357,10
81,6,731.4594594594595,15.481533142788683,4.356065030358684,0.0119239585990462,226,10
82,7,306.97297297297297,15.329400854027966,1.9796209679510934,0.012600358764356629,160,10
83,8,940.1891891891892,15.16184493145527,5.239597205122982,0.011520894290669043,226,10
84,9,404.35135135135135,16.34240488456075,2.280291978349436,0.013084797556409875,357,10
85,10,930.1891891891892,15.970900580191344,3.2221924575528313,0.012679779005597157,320,10
86,11,838.3243243243244,15.501268633726403,5.4748317236086885,0.01202140924762206,160,10
87,12,711.7297297297297,15.51437321364391,4.452106739208971,0.012494725631601715,0,10
88,13,896.027027027027,15.071610416060517,3.353854010299999,0.012096991506639855,160,10
89,14,961.6756756756756,15.654852470519776,3.9496565400795562,0.012708804189025091,320,10
90,15,671.2702702702703,15.88931545123141,3.0184842409242485,0.012763284960792359,357,10
91,16,609.8378378378378,15.924658559961664,3.6096036000874223,0.013599633387633599,226,10
92,17,591.3243243243244,15.703035949614062,3.7834080998928243,0.011847102597533635,160,10
93,18,554.7027027027027,15.817407665713944,4.486138844373102,0.012917813353751627,226,10
94,19,739.8378378378378,15.61769305481867,3.987473723568383,0.012085230227362222,357,10
95,20,600.027027027027,15.939869328586832,3.1132710318692998,0.012389493573561403,453,10
96,21,533.8918918918919,15.13894106522446,2.845878899593648,0.011692369632322638,357,10
97,22,636.6486486486486,15.77329750637526,4.105300643863112,0.012846387858256897,320,10
98,23,607.1081081081081,15.869295426928408,3.682383343840189,0.012278780035198356,357,10
99,24,636.5135135135135,15.878432584846566,3.5742406103968993,0.012404764708294448,453,10
100,0,424.9189189189189,16.056848910643687,2.420504803515137,0.012666510460608776,453,10
101,1,530.972972972973,15.793007325129645,3.095387951292818,0.012298434940893757,357,10
102,2,849.7837837837837,15.688824256790292,2.704900494271122,0.012060858838750525,320,10
103,3,675.972972972973,15.973057043591368,3.454491045081752,0.012231105208724363,357,10
104,4,464.5405405405405,15.926473797258211,3.7958484481517627,0.012930085005181679,453,10
105,5,778.5135135135135,15.735488798370673,3.217833257273703,0.012354278823017057,357,10
106,6,705.7837837837837,15.336071342997483,3.0666173394635527,0.011795116427983986,226,10
107,7,300.43243243243245,15.484749653425524,1.2771753327528925,0.01246764761884776,160,10
108,8,959.8108108108108,15.055269001694365,5.420632314933404,0.01143844590353724,226,10
109,9,388.97297297297297,16.41925135634702,2.325733854977329,0.0126833523035428,357,10
110,10,925.7837837837837,16.07789154358281,3.890790973255665,0.012866971946472057,320,10
111,11,841.8648648648649,15.691078060552123,5.329214678551007,0.012269799327805518,160,10
112,12,711.5675675675676,15.35801357202759,3.467587693594675,0.01249845282105623,0,10
113,13,889.9459459459459,15.191303761830598,4.134683943932147,0.012360130788406951,160,10
114,14,987.8108108108108,15.638882233137654,4.379519010222768,0.012830658536416328,320,10
115,15,663.972972972973,16.00418991425491,2.9352611805314646,0.012673758864291557,357,10
116,16,590.4054054054054,15.874574269626384,3.403358342145886,0.013524982776728471,226,10
117,17,600.4054054054054,15.68497556863886,3.525646298958645,0.012205451845989238,160,10
118,18,582.7567567567568,15.729723253863664,3.120282948110306,0.012892048650521614,226,10
119,19,745.4864864864865,15.714806645672526,3.8008537008870213,0.011868483978381889,357,10
120,20,597.1891891891892,15.980713772270619,3.742406548667824,0.01254431536582102,453,10
121,21,526.3243243243244,15.389685558541135,2.728807458343312,0.011874025200193466,357,10
122,22,649.7297297297297,15.764898423727944,3.213523435224074,0.013000693168328003,320,10
123,23,581.2432432432432,16.085900195108593,4.576020549479156,0.012445145315885383,357,10
124,24,625.972972972973,15.869866633007582,3.8364075154398973,0.012352090124898777,453,10
125,0,917.1621621621622,14.096247154666347,4.364595174249478,0.010732591197391025,453,15
126,1,1335.4864864864865,13.942961757004227,5.213852092969786,0.010380093752732777,357,15
127,2,1625.4054054054054,14.159810410926081,4.823769285878891,0.011843253014178615,320,15
128,3,1515.3783783783783,14.186119050471513,6.644620989603028,0.01061775473174513,357,15
129,4,948.972972972973,14.353551960499066,3.560083568278776,0.011326089581464733,453,15
130,5,1432.4054054054054,14.037769130055281,6.213684497307618,0.0106531237997519,357,15
131,6,1693.972972972973,13.854730741583802,7.150422452642821,0.01096766920709732,226,15
132,7,641.7837837837837,13.98880264936932,2.9159482218204205,0.011977252286525427,160,15
133,8,1596.3783783783783,13.723923479778877,6.157934935955277,0.01109964676263571,226,15
134,9,819.5945945945946,14.608302384090091,2.9612692132738467,0.011114250655651468,357,15
135,10,1706.3783783783783,14.06606201543754,6.456162378189128,0.010878516642713184,320,15
136,11,1579.8918918918919,13.952124587105718,5.77731183540509,0.011707108296513823,160,15
137,12,1702.2432432432433,12.545927535983843,10.724139424994815,0.009456574020952742,0,15
138,13,1598.5135135135135,13.238613317017235,5.377579951821699,0.010354755538894594,160,15
139,14,1553.7567567567567,14.117387127967277,7.481304227007629,0.011083847822887842,320,15
140,15,1435.6756756756756,14.160271440551782,5.882220434902379,0.011077950357253123,357,15
141,16,1098.027027027027,14.372351486419415,4.495836315203137,0.011826985869415663,226,15
142,17,1453.1891891891892,13.323809666432764,5.495710238612487,0.010178581672138871,160,15
143,18,1368.8108108108108,13.566118708175734,5.496773452656461,0.010722033156063867,226,15
144,19,1186.1891891891892,14.193208851768814,3.9375768037242063,0.010918540747161257,357,15
145,20,1159.1081081081081,13.949451471016104,5.017104968998995,0.010895211696381508,453,15
146,21,1211.1351351351352,14.004446636088243,4.783274085254869,0.010353218765588739,357,15
147,22,1244.7027027027027,14.199303855961936,7.099919737904229,0.010664241863397615,320,15
148,23,1202.3243243243244,14.262360086600832,6.0741767476350805,0.010839713753860898,357,15
149,24,1176.3513513513512,13.801859949682521,5.9841788263134,0.010395182502921525,453,15
150,0,955.8648648648649,14.012334414417499,4.0302294834240975,0.010795234428481355,453,15
151,1,1362.2972972972973,14.160367711239282,5.418074998633547,0.010482290991655395,357,15
152,2,1631.3783783783783,14.297737424908863,7.1250288122494965,0.012104187371275846,320,15
153,3,1550.3513513513512,14.382742302623697,6.0781634101143505,0.0107820189203885,357,15
154,4,972.4054054054054,14.24946409317291,4.227541867357694,0.011028668913674324,453,15
155,5,1417.2432432432433,14.36526061544781,6.151651230685646,0.011109081158097042,357,15
156,6,1677.081081081081,13.815149583254891,8.203348599030878,0.011031335527159155,226,15
157,7,483.13513513513516,14.36588530524226,2.3593099739532466,0.012126963074831064,160,15
158,8,1618.837837837838,13.743425781717983,5.6730384495292405,0.01111117961702528,226,15
159,9,825.8918918918919,14.576980181074466,3.7306665066784355,0.011177667900979437,357,15
160,10,1741.837837837838,14.19410523883688,6.8744892646216895,0.011203661610282026,320,15
161,11,1615.1351351351352,14.06409274504099,5.078947533970994,0.011653667137175014,160,15
162,12,1738.2162162162163,12.51429084872238,10.164543649583486,0.00937009531245803,0,15
163,13,1597.2972972972973,13.326984459771689,5.61692434534564,0.010553054838127407,160,15
164,14,1568.7027027027027,14.288157421828203,8.701851969906038,0.011301214478881971,320,15
165,15,1423.4594594594594,14.32741125981961,6.151673695372533,0.01117394207473647,357,15
166,16,1103.837837837838,14.536384971503876,3.7358964909325363,0.011997432886010262,226,15
167,17,1466.8108108108108,13.63819764158209,5.6666386017515045,0.010340837303977484,160,15
168,18,1439.1891891891892,13.625635386537507,6.891397739342027,0.010612196675183407,226,15
169,19,1202.2162162162163,14.21959557753855,5.027046663015288,0.010973787959723383,357,15
170,20,1164.162162162162,13.863521325026955,5.05289963886369,0.01090433960947523,453,15
171,21,1227.7567567567567,14.12222740419997,5.937636134969945,0.010349948340139052,357,15
172,22,1236.5945945945946,14.236283566379708,7.6809516944671925,0.010897159955409026,320,15
173,23,1227.837837837838,14.394706609731468,6.492284966104062,0.01081434551626348,357,15
174,24,1131.1891891891892,13.960369636653033,5.339577251706001,0.010306860896951469,453,15
175,0,940.8918918918919,14.225475577196255,4.926009707101077,0.0107520610914455,453,15
176,1,1364.6486486486488,14.085776112889148,5.568251888699557,0.0106613169325776,357,15
177,2,1639.8918918918919,14.305309649317977,4.859724579212837,0.012061780400446146,320,15
178,3,1525.2972972972973,14.41316277019973,5.808593526036716,0.010609082635050872,357,15
179,4,991.2162162162163,14.296384286912321,4.882271432348979,0.011240334736517456,453,15
180,5,1441.1351351351352,14.026525783429461,7.413997990117152,0.010784265276896354,357,15
181,6,1691.1081081081081,13.870622892741618,5.785145556255416,0.010750531801489464,226,15
182,7,520.3513513513514,14.20369272963768,2.1133739555141347,0.012279455924575843,160,15
183,8,1625.7567567567567,13.765697470434203,7.955997081592988,0.011065263478795145,226,15
184,9,816.6756756756756,14.712717571753753,3.3858412823503934,0.01107491178507665,357,15
185,10,1750.5135135135135,14.230030250389362,6.385545860849361,0.011075598865870357,320,15
186,11,1589.945945945946,14.132646031936195,6.7151090441965735,0.011642614502708003,160,15
187,12,1727.054054054054,12.587026562152356,9.395532714174353,0.009412174761210281,0,15
188,13,1574.918918918919,13.326890328432798,6.037305304297185,0.010445117533790804,160,15
189,14,1541.6216216216217,14.335005947389138,8.001492862111864,0.011240828786007585,320,15
190,15,1463.0,14.112519040202638,5.338094417370821,0.011038437235248002,357,15
191,16,1108.3243243243244,14.358192207636618,4.033833184369341,0.011820408817218256,226,15
192,17,1474.162162162162,13.489102158174878,6.683441539801464,0.010025992784863049,160,15
193,18,1388.972972972973,13.741426560440877,5.591458382799932,0.010795061926569052,226,15
194,19,1199.7027027027027,14.268727857741874,4.130604277157305,0.010864296366183348,357,15
195,20,1175.945945945946,13.925677959574868,5.892876925586598,0.010918803840350464,453,15
196,21,1216.4324324324325,14.082288974652998,4.389132695106494,0.010362504304393174,357,15
197,22,1205.8918918918919,14.232372837118554,7.793142251749458,0.010624869405888391,320,15
198,23,1232.945945945946,14.127562939636139,6.921868664496638,0.010739796463478784,357,15
199,24,1193.162162162162,13.983180441219258,4.439268544029468,0.010629483637996215,453,15
200,0,951.3783783783783,14.062809135874309,3.8100155105239337,0.01056088017024775,453,15
201,1,1353.918918918919,13.890530601242533,5.358223594185499,0.010602493655422984,357,15
202,2,1607.1351351351352,14.198558292970956,5.800325192032491,0.012071052668533642,320,15
203,3,1522.2432432432433,14.219478983039243,4.777504721007424,0.010722590011727286,357,15
204,4,957.4864864864865,14.18041982577145,3.978690796638309,0.010948300139820328,453,15
205,5,1403.918918918919,13.920828056273425,6.003332210609365,0.010688494777249835,357,15
206,6,1641.3783783783783,13.852630970921973,6.382997794869432,0.010672793994441189,226,15
207,7,505.0810810810811,14.218684215030208,2.5096973001084173,0.012115700395704984,160,15
208,8,1601.7837837837837,13.705521872700201,7.378243255384356,0.011083559453889629,226,15
209,9,806.1621621621622,14.518209065703674,3.167704432407405,0.011145739151593014,357,15
210,10,1676.8918918918919,14.148011903335671,5.622243180787023,0.011087636684044194,320,15
211,11,1582.3513513513512,13.916312961029625,4.612875589806873,0.011622463885502721,160,15
212,12,1690.2162162162163,12.537427903951805,9.44293035691487,0.00967986610005657,0,15
213,13,1547.1081081081081,13.226625477074741,4.448846303412391,0.010319750827937778,160,15
214,14,1541.2972972972973,14.1640024645296,7.039060887714832,0.011128656601929082,320,15
215,15,1446.8108108108108,14.264791456297386,6.051379457201831,0.011338444932850043,357,15
216,16,1081.3513513513512,14.375343365452087,3.701462845526031,0.011693986497132493,226,15
217,17,1456.5675675675675,13.62212792448955,6.8906242120339884,0.01036349004934118,160,15
218,18,1376.7297297297298,13.53585548272262,6.711486033304058,0.010292936218284181,226,15
219,19,1193.027027027027,14.163653750705985,4.333686906187019,0.010935619066611928,357,15
220,20,1147.3783783783783,13.955728319841175,4.896347284406262,0.010916728272064061,453,15
221,21,1214.4054054054054,13.845208500915641,4.123807034163635,0.010178093243083155,357,15
222,22,1216.7297297297298,14.137327996371665,7.638054801593983,0.010628249795573854,320,15
223,23,1232.6756756756756,14.28983039244211,5.954545875830412,0.010839787864688014,357,15
224,24,1161.945945945946,14.049028521795684,4.536669190331918,0.010469439644308923,453,15
225,0,940.8108108108108,14.122570769652055,5.122293735808819,0.010660167189584721,453,15
226,1,1358.6756756756756,14.148604502900957,5.848970123309406,0.010853642624376993,357,15
227,2,1637.081081081081,14.261459420835545,6.726785243000319,0.01189431224550843,320,15
228,3,1554.4864864864865,14.329451128720327,5.852411940785449,0.010698287858036407,357,15
229,4,962.1351351351351,14.25862264457718,3.63915926406784,0.011573845635568727,453,15
230,5,1433.6756756756756,14.123370886032621,4.891825302526338,0.010994042887764241,357,15
231,6,1643.3513513513512,13.798822074654709,6.678926467082107,0.010851867163498072,226,15
232,7,524.918918918919,14.096278175221208,2.4032417777221275,0.012196593387671217,160,15
233,8,1623.027027027027,13.752769386777114,7.730626151619857,0.011023632823220057,226,15
234,9,848.0,14.631820243372298,3.6561484482347795,0.011438033864917133,357,15
235,10,1714.8108108108108,14.411829956014993,5.242663361335442,0.011441537409690193,320,15
236,11,1627.162162162162,14.08639545431207,5.798732073888094,0.011515767211643933,160,15
237,12,1698.7297297297298,12.62340725495901,9.239500478898183,0.009419668220096333,0,15
238,13,1570.162162162162,13.30799453182495,4.951556928565028,0.010477562160194395,160,15
239,14,1555.918918918919,14.309113411148573,8.42743947626988,0.01120902113092701,320,15
240,15,1439.2972972972973,14.007800065036198,5.857432688375767,0.011210763041614155,357,15
241,16,1104.7297297297298,14.364988918174195,3.9464362243823343,0.011647498060357338,226,15
242,17,1470.4594594594594,13.436177882558319,5.610643463967244,0.01022300286524209,160,15
243,18,1403.4324324324325,13.67621814509918,6.174187003795612,0.010619069350129883,226,15
244,19,1231.2972972972973,14.179621848739496,5.154850469918993,0.011165844697090494,357,15
245,20,1160.0,14.035566670660117,5.258267690869168,0.010895147956523545,453,15
246,21,1237.6486486486488,13.995996209074262,4.585239476946005,0.01042266228565235,357,15
247,22,1241.2432432432433,14.220303701928836,8.463336077939942,0.010821693032712394,320,15
248,23,1232.1351351351352,14.187342757877081,6.655913649098404,0.01087463352792752,357,15
249,24,1176.4594594594594,13.932459694672167,3.07433937497821,0.01029892600574151,453,15
250,0,2215.2972972972975,13.160738888223314,11.202033681641186,0.0097564962876828,453,20
251,1,2301.6486486486488,13.643859427681459,8.970710901469552,0.010610683567697702,357,20
252,2,2727.0810810810813,13.325479428023755,9.20938784675045,0.010296994475393737,320,20
253,3,2184.5405405405404,13.630566585086173,9.489034430646592,0.010476387133318667,357,20
254,4,2092.189189189189,13.748400836913177,7.420761139644302,0.010565006393587357,453,20
255,5,2411.5135135135133,13.563407083811121,9.55890748863931,0.010142717726824395,357,20
256,6,2808.5945945945946,13.16051532629345,11.141919965182502,0.01055553960144074,226,20
257,7,2441.5405405405404,13.033721482483013,5.9519128039399485,0.010976046729898815,160,20
258,8,2671.864864864865,12.75680740728063,14.4324912521406,0.01041006372927944,226,20
259,9,2447.054054054054,13.689721713532663,7.802712152883364,0.010200418563711922,357,20
260,10,2648.945945945946,13.722249439490664,9.103330685947592,0.01127971025542821,320,20
261,11,2651.945945945946,12.854910446867137,9.940873114812426,0.01019524516114835,160,20
262,12,3260.108108108108,11.3329810539287,11.591209975580808,0.009246958626931173,0,20
263,13,2528.810810810811,12.372393203717332,6.367356239075421,0.010142876321589884,160,20
264,14,2239.7027027027025,13.150651859521814,9.434319091489133,0.009852704434761836,320,20
265,15,2559.972972972973,13.557042521692996,7.902111717326828,0.010408838477901633,357,20
266,16,2298.4324324324325,13.183893058241626,5.500453602457149,0.010156549196174047,226,20
267,17,670.6216216216217,13.866322802033237,3.7072080208019025,0.010872409082469552,160,20
268,18,1777.1351351351352,12.68852581765904,6.82347194699927,0.009857726612430001,226,20
269,19,2320.2702702702704,12.960141796025946,6.821703928129054,0.009680385027617538,357,20
270,20,2476.6216216216217,13.227217006965718,9.274748847363332,0.009760267584877465,453,20
271,21,1346.945945945946,14.401874497253077,5.622004397824146,0.01167005091029637,357,20
272,22,1834.0,13.17933089732838,9.381921598762045,0.010031426577967639,320,20
273,23,2224.4324324324325,13.358154769035924,10.457576514676918,0.010487977620286006,357,20
274,24,2409.4864864864867,13.291455227712266,10.050829301328502,0.009970853691530345,453,20
275,0,2046.2972972972973,13.40387157918157,8.703698521577714,0.009851377427388739,453,20
276,1,2167.5135135135133,13.464739256191274,6.7440552640716565,0.010727809295570153,357,20
277,2,2820.2432432432433,13.088677069605847,9.758022333536896,0.01001898922855363,320,20
278,3,2309.3783783783783,13.409700234472608,6.677956865010755,0.010186422711494534,357,20
279,4,1937.5405405405406,13.510916026288315,6.240679781972235,0.010114823751780168,453,20
280,5,2500.054054054054,13.34632631056496,9.30341925612782,0.009904277035649351,357,20
281,6,2522.5675675675675,13.132107985760495,7.524349617515401,0.010196066536685562,226,20
282,7,2154.5405405405404,12.945648778859812,6.977224201096458,0.010799125660332679,160,20
283,8,2583.2162162162163,12.65734695100036,13.728087534005686,0.010181278974835855,226,20
284,9,2445.3513513513512,13.806962296120078,7.189922358084982,0.010961701190865201,357,20
285,10,2784.324324324324,13.40317201218573,10.750918832361963,0.010741604241098069,320,20
286,11,2588.5675675675675,12.48914066644988,9.088923619698042,0.009833110304530783,160,20
287,12,3111.6486486486488,11.31507256670489,13.687966713442398,0.00897800026713073,0,20
288,13,2509.5135135135133,12.371736423693713,9.103786096343597,0.010298998753575456,160,20
289,14,2463.4864864864867,13.18460439165483,6.816023490172644,0.01010614295695108,320,20
290,15,2506.0810810810813,13.521488687124544,8.064964347837474,0.010410831259619264,357,20
291,16,2176.945945945946,13.004838136884082,6.804796351891601,0.009748884460854404,226,20
292,17,845.4864864864865,13.261480814321656,5.247229137187264,0.010383274337810396,160,20
293,18,1985.4054054054054,12.370654982970786,10.110453511640502,0.009463170546540965,226,20
294,19,2187.2972972972975,12.709445438053022,6.082806345636606,0.009520469566130108,357,20
295,20,2538.7297297297296,13.044070581389379,9.789355487465395,0.009820676728923875,453,20
296,21,1826.4324324324325,14.209290335278714,5.715885945418964,0.011491038382590817,357,20
297,22,2152.5405405405404,12.924669256704718,10.32259746380241,0.01022950723113606,320,20
298,23,2376.135135135135,13.196364390970237,10.6413860651755,0.010173390788971347,357,20
299,24,2343.4054054054054,13.348600438138595,8.257582518044096,0.010313361502785225,453,20
300,0,1740.4054054054054,13.655257877081587,9.177453512395651,0.009975334615780904,453,20
301,1,2118.5135135135133,13.318850656352154,7.9615237649449515,0.010245674772559488,357,20
302,2,2889.7567567567567,13.119469783840216,8.460832753171788,0.010276436079646048,320,20
303,3,2400.4864864864867,13.15831179722398,7.669260892160714,0.010106564623945163,357,20
304,4,1797.162162162162,13.777239256191274,7.4036803587086135,0.010491505451279092,453,20
305,5,2426.2702702702704,13.276031593900289,9.20107725841587,0.010135455788094248,357,20
306,6,2358.5675675675675,13.170991716442177,7.556124605324573,0.010351431212947071,226,20
307,7,1980.8108108108108,13.082278277909943,8.495505436358295,0.01107037841711262,160,20
308,8,2503.9189189189187,12.583496636943984,11.966374753074257,0.009947644292289433,226,20
309,9,2235.945945945946,13.781508326344795,7.918775567925452,0.010819771986475081,357,20
310,10,2838.0,13.435649463451368,9.258640565862276,0.01072658175936822,320,20
311,11,2561.2162162162163,12.606570581389379,8.80485083906736,0.010229214259462414,160,20
312,12,2918.945945945946,11.367134684831163,11.819926344784161,0.008853372405762425,0,20
313,13,2368.054054054054,12.183566807578428,8.988341279503349,0.010131037090213933,160,20
314,14,2656.9189189189187,13.291034845710179,7.912725036260079,0.0101287753039358,320,20
315,15,2473.0,13.462408435879443,6.181690252306122,0.010573775305805458,357,20
316,16,2275.6216216216217,13.053619563915179,8.337682450814667,0.009730243223643839,226,20
317,17,1232.4054054054054,12.908150276403841,3.7272728804824484,0.010420885456539249,160,20
318,18,2143.6216216216217,12.154596818360746,12.40716300046133,0.009258479154980077,226,20
319,19,2158.5405405405404,12.725582544626812,6.291041387974458,0.009698157074082591,357,20
320,20,2434.2432432432433,12.979251527494908,11.742825259591092,0.009417427927954662,453,20
321,21,2082.5135135135133,13.70113727772168,6.200169843996779,0.010885251229708213,357,20
322,22,2146.7297297297296,12.942248284242414,9.226050760481815,0.00987873021389642,320,20
323,23,2310.5675675675675,13.314911045884749,8.991233498551756,0.010119039411661097,357,20
324,24,2338.5945945945946,13.528997800749627,8.704000193647433,0.010533692438000895,453,20
325,0,1731.2972972972973,13.170203366478974,8.029152950335149,0.009759641347976546,453,20
326,1,2188.945945945946,12.986357373906793,10.56241292310326,0.009914254128161099,357,20
327,2,2905.162162162162,12.77010452857314,6.920873194602575,0.00985765119783963,320,20
328,3,2507.2702702702704,12.870884962946482,7.3536014688995746,0.009859409223613108,357,20
329,4,1351.5405405405406,13.809047091341629,5.316374170779561,0.010639599298386121,453,20
330,5,2387.054054054054,12.90915683992538,8.241776204941436,0.00946933582171455,357,20
331,6,2229.4864864864867,12.706205394581458,7.599990544535045,0.009649670166879993,226,20
332,7,944.9459459459459,13.37640448236321,3.7989937435804317,0.013003705594626328,160,20
333,8,2637.027027027027,12.142508429033528,11.78214013372497,0.00968974837058391,226,20
334,9,864.3513513513514,14.17385095586096,3.4446931938463705,0.011133272921740208,357,20
335,10,2456.5675675675675,13.444601567714662,10.567915978257348,0.010631004186941398,320,20
336,11,2449.4054054054054,12.476325968269181,5.626486909646711,0.010281867785454799,160,20
337,12,2795.108108108108,11.130585839223674,11.963652267553545,0.008789822225946316,0,20
338,13,2241.7027027027025,11.932480018483972,6.745056341297863,0.009717623178503165,160,20
339,14,2568.4864864864867,12.922462518612333,9.850943277176109,0.009763295905082528,320,20
340,15,2191.027027027027,13.268071077718256,7.152465285400227,0.010145631835230085,357,20
341,16,2064.891891891892,12.71819858289548,7.225551587224349,0.010380214729697095,226,20
342,17,2144.945945945946,12.386221953139708,9.278811442011321,0.009558561818827114,160,20
343,18,2338.162162162162,12.050258647247086,9.95303166469897,0.009317324439374868,226,20
344,19,2152.027027027027,12.3904471666467,4.836325671338708,0.009375822264885599,357,20
345,20,2195.2162162162163,12.767004612435606,7.333158642984462,0.009227471241006195,453,20
346,21,2117.6216216216217,12.979617356107413,7.500216831669727,0.009944449959969853,357,20
347,22,2067.675675675676,12.67660429752349,6.265731588257724,0.00981413802347965,320,20
348,23,1726.837837837838,13.142416437043249,7.965549775072516,0.009796885684328826,357,20
349,24,1438.027027027027,13.329668272604357,4.938997701983612,0.0103884086013473,453,20
350,0,1995.4594594594594,12.024697710041247,8.009635777939225,0.008773587511891863,453,25
351,1,3081.0,11.46043274743706,11.005344342208339,0.00856601518084213,357,25
352,2,3697.7837837837837,11.497235961594413,9.299271878244047,0.008986792070280865,320,25
353,3,3261.675675675676,11.379313996474353,8.734293347689757,0.008726271182435208,357,25
354,4,2430.108108108108,11.819486042889661,8.22534910116653,0.009042433594506419,453,25
355,5,3203.054054054054,11.29343091615465,11.874800121862247,0.008557226411626831,357,25
356,6,3239.135135135135,11.04581949887898,12.137642680922935,0.008942230265378876,226,25
357,7,923.7027027027027,12.193632442793819,3.759160200432084,0.01292370565273518,160,25
358,8,3191.0810810810813,11.131510037823684,10.630893304171225,0.009025284873917868,226,25
359,9,1856.5675675675675,12.405984185935067,8.528433133780856,0.009658909667437486,357,25
360,10,3347.135135135135,11.689241429769464,9.853948952172757,0.009056132192531314,320,25
361,11,3064.945945945946,11.016114643413374,9.152625663256204,0.009127102194465653,160,25
362,12,3456.7567567567567,9.814175109962518,14.573979705251922,0.008057393637917467,0,25
363,13,3000.7567567567567,10.26262108713139,10.862606018073164,0.00863295594418885,160,25
364,14,3260.945945945946,11.356614438035907,14.16391292798791,0.008662846353383876,320,25
365,15,2636.5405405405404,11.87460208115833,8.66515271516906,0.00924425689729273,357,25
366,16,2134.6216216216217,11.645424361190505,7.966818637227034,0.01036279639220513,226,25
367,17,3044.5405405405404,10.348867856714987,9.52652631190184,0.008217865345359393,160,25
368,18,2826.7027027027025,10.569179046363963,10.833076049341571,0.0086592386002564,226,25
369,19,2576.0,11.465557557035034,7.420284913381921,0.00891455521539744,357,25
370,20,2895.135135135135,11.899342578171797,8.469095812104015,0.009242887938890524,453,25
371,21,2655.162162162162,11.504685173458386,8.013093149132503,0.008157976931110226,357,25
372,22,2631.3783783783783,11.639149651714046,9.13548306960554,0.008757887717842432,320,25
373,23,2666.7837837837837,11.68077923633812,12.464947793677345,0.008844719805542883,357,25
374,24,2464.7567567567567,11.949335946191104,6.922128204749474,0.008823031110324453,453,25
375,0,2012.837837837838,12.032251749987164,9.029172225564725,0.009068993528751393,453,25
376,1,3069.5405405405404,11.453176076948091,11.263274424388602,0.008646064219265328,357,25
377,2,3691.3783783783783,11.34377299799757,12.84073090311266,0.009008454252760872,320,25
378,3,3251.5675675675675,11.519099034725906,8.759387371013565,0.008972893844878073,357,25
379,4,2448.7297297297296,11.80033994249431,6.394579590196083,0.00871590535618185,453,25
380,5,3241.324324324324,11.158569588731623,12.316086273122796,0.008280611169144015,357,25
381,6,3281.4594594594596,11.133986333841072,10.887538167792654,0.009049272160969467,226,25
382,7,905.0540540540541,12.125795837683341,3.648737926024059,0.012903529881324552,160,25
383,8,3179.4594594594596,11.173876628044294,11.415686066889986,0.008962249248591403,226,25
384,9,1944.162162162162,12.279795777781581,11.38242295153566,0.009264485442341791,357,25
385,10,3387.108108108108,11.914013161272656,8.584371259747401,0.009066971061530872,320,25
386,11,3026.0,11.147277037087747,9.575962113633967,0.009228173804331828,160,25
387,12,3479.4864864864867,9.950406690170977,14.746587012578027,0.008002775283985563,0,25
388,13,3002.5675675675675,10.320656266579952,12.082655471544031,0.008500201236335974,160,25
389,14,3230.7567567567567,11.179513811634633,11.901556601264296,0.008263798932420836,320,25
390,15,2548.4864864864867,11.914614318232385,8.081905555123171,0.009313632505780649,357,25
391,16,2153.7837837837837,11.568943718016738,6.203174937583193,0.010589409896646267,226,25
392,17,3009.135135135135,10.202702211230724,10.182782569862805,0.008113716817666289,160,25
393,18,2769.972972972973,10.501154178575707,11.425592899246972,0.008353279774485078,226,25
394,19,2550.5405405405404,11.516458008865461,7.383533947199285,0.008816848637058696,357,25
395,20,2839.972972972973,11.821173988943846,11.84989429771576,0.008982431007659166,453,25
396,21,2635.189189189189,11.683147495250646,6.8623998381114655,0.008373427534763821,357,25
397,22,2704.6216216216217,11.291702322476853,9.290093953009091,0.008624752430720105,320,25
398,23,2678.6216216216217,11.46694599428366,14.458997282401464,0.008788289721983365,357,25
399,24,2474.5405405405404,12.063903412688905,8.528095156863632,0.009134675324542053,453,25
400,0,2000.5945945945946,11.987815339985282,8.890491918006203,0.008825105147684734,453,25
401,1,3020.4324324324325,11.447430856252888,9.462435094957469,0.008722794775333675,357,25
402,2,3686.5405405405404,11.376313560047237,13.244654894128603,0.008912306659397838,320,25
403,3,3274.189189189189,11.535442588440672,9.712510125636719,0.009040690660379345,357,25
404,4,2535.0810810810813,11.749443769361106,6.954026047818982,0.008919392507891932,453,25
405,5,3269.6486486486488,11.46032898902942,9.823959338639419,0.00867932431166432,357,25
406,6,3221.891891891892,11.233518458299816,14.310078779929118,0.009067779629628415,226,25
407,7,981.2162162162163,12.37920382002088,5.214204224086577,0.01313855458101195,160,25
408,8,3199.5135135135133,11.055024046278389,9.999168820213884,0.008769237292615618,226,25
409,9,1975.162162162162,12.47628745999418,10.30977562112509,0.009424405296769847,357,25
410,10,3252.162162162162,11.827600592171695,7.9985858422773575,0.008824635154177723,320,25
411,11,3129.7567567567567,10.932225435999246,10.07281056333624,0.008856664107719145,160,25
412,12,3525.945945945946,9.926122944085984,16.344624300653248,0.008272672610369717,0,25
413,13,3104.4864864864867,10.299882121891526,12.154869983347588,0.008495106408255784,160,25
414,14,3259.837837837838,11.461456425747489,10.216824914907523,0.00859319424110839,320,25
415,15,2467.2162162162163,12.199772373307775,5.903427231933958,0.009750605234492773,357,25
416,16,2105.972972972973,11.853749850245597,6.609695436004372,0.010815440039624908,226,25
417,17,2903.5135135135133,10.09352162453576,10.448497756325876,0.007852819191872668,160,25
418,18,2726.189189189189,10.58398975679885,10.660977760258682,0.008429952420882557,226,25
419,19,2523.5135135135133,11.344503585548273,7.67373611025804,0.008849256932625303,357,25
420,20,2961.7837837837837,11.846298499033015,10.151024311510549,0.008899927208036222,453,25
421,21,2717.7837837837837,11.632219231888275,9.45027624790033,0.008391298070426058,357,25
422,22,2721.9189189189187,11.620947004056205,9.952874964354157,0.009012620488064078,320,25
423,23,2682.7837837837837,11.295223690290781,13.103851921723809,0.008732803606685144,357,25
424,24,2497.5675675675675,12.031786441664241,7.929891903179688,0.008854342342739083,453,25
425,0,1977.7027027027027,11.879305439079909,8.498516595078362,0.008733636394581062,453,25
426,1,3016.2432432432433,11.525170506084308,10.604546167730552,0.00851390676064212,357,25
427,2,3706.810810810811,11.274213147580825,11.748324894216617,0.008786542854704775,320,25
428,3,3261.027027027027,11.349804891406665,11.743514535882033,0.008800961592511931,357,25
429,4,2601.324324324324,11.754828509815331,6.747675416522402,0.00865590575041052,453,25
430,5,3254.2702702702704,11.44229748926047,11.369974983069659,0.008660994209173347,357,25
431,6,3279.2702702702704,11.13736543497236,10.045815328910306,0.008731980856033291,226,25
432,7,1037.8108108108108,12.35842111793801,4.406621924197312,0.012046227180372487,160,25
433,8,3175.2702702702704,11.084900049632887,11.6860969913247,0.008978697754521443,226,25
434,9,1877.8648648648648,12.210024131852334,7.990604614601081,0.009213989006936216,357,25
435,10,3298.6216216216217,11.688238075270842,9.282621301100857,0.009085613720696776,320,25
436,11,3140.837837837838,10.911754009139297,9.551866297435339,0.009050192094409791,160,25
437,12,3514.3513513513512,9.835238066713448,17.219046660121528,0.008230157503353224,0,25
438,13,3061.6486486486488,10.31306692738195,14.462273846650444,0.008605498883823368,160,25
439,14,3151.7837837837837,11.369063307604101,10.957327091859858,0.008409171761669432,320,25
440,15,2417.162162162162,12.458696666039124,7.098854681181606,0.009792176907150073,357,25
441,16,2072.2432432432433,11.627247385715997,6.307254094139776,0.010592167145647395,226,25
442,17,2896.4864864864867,10.311742670591658,8.518327392484624,0.007901434349864981,160,25
443,18,2799.4054054054054,10.51110107994318,9.633568308938255,0.008185148260998788,226,25
444,19,2506.2432432432433,11.566207491143096,7.956272514403694,0.008825008029305971,357,25
445,20,3010.5945945945946,11.819166210272297,9.988412531193012,0.009032284494250519,453,25
446,21,2697.2432432432433,11.778940038337128,8.888186643226444,0.008343156951117958,357,25
447,22,2845.6216216216217,11.46419265262113,8.428823842502272,0.00884952765233701,320,25
448,23,2684.2162162162163,11.497534400725668,13.572580915857872,0.00876371319994696,357,25
449,24,2451.189189189189,12.016802443991853,8.123754078802051,0.009231352722551996,453,25
450,0,1992.8648648648648,12.063676641736125,9.590685321762447,0.008890239053675756,453,25
451,1,3026.7297297297296,11.47369349980318,10.728037762209373,0.008762477526739596,357,25
452,2,3674.3783783783783,11.43973668897294,10.951073297032481,0.009043970617244166,320,25
453,3,3252.027027027027,11.365721645073508,9.935914924437672,0.008841666907513219,357,25
454,4,2605.3783783783783,11.858402933474816,8.103003019095283,0.008663048996702054,453,25
455,5,3271.4594594594596,11.280977767889233,10.241752340661378,0.008600840750161536,357,25
456,6,3253.3783783783783,11.273821646784986,12.461502520617968,0.009021501538486439,226,25
457,7,1076.2702702702702,12.121147033151345,5.470639963024271,0.011880782772001988,160,25
458,8,3173.810810810811,11.08265052456828,12.646329068775659,0.008793489543162256,226,25
459,9,1915.7027027027027,12.444508506050077,9.076806013095371,0.009575947663862985,357,25
460,10,3322.6486486486488,11.746984588132605,10.117802564330658,0.008834226061537567,320,25
461,11,3117.6216216216217,11.027244604562803,11.927731702491466,0.009003608697153345,160,25
462,12,3511.891891891892,9.920417301340088,16.27448018551342,0.00842123977225256,0,25
463,13,3153.2432432432433,10.14597096476065,12.272496845571052,0.008520689366049291,160,25
464,14,3220.9189189189187,11.160460772903866,9.279632682900335,0.008422684930425112,320,25
465,15,2381.4864864864867,12.144309760564104,5.907692874014066,0.00935559108187856,357,25
466,16,2021.8648648648648,11.649051626760684,6.496294629896751,0.010062661098439557,226,25
467,17,2898.189189189189,10.23523100686303,8.908252248722146,0.00807144715547501,160,25
468,18,2786.6486486486488,10.436976929264578,10.396817531292278,0.00818339440659903,226,25
469,19,2526.5405405405404,11.40723570487258,8.589714286212606,0.009012408891868624,357,25
470,20,2970.5675675675675,11.764422418661965,10.431069827029399,0.008977302201366682,453,25
471,21,2765.837837837838,11.698748694997347,9.941502643909805,0.008516232247722343,357,25
472,22,2787.675675675676,11.321727010559824,11.882001664532755,0.008386376501330808,320,25
473,23,2764.2972972972975,11.547161940132469,13.52193601661738,0.008839683138957324,357,25
474,24,2490.4054054054054,11.90469950709408,8.962421299961989,0.008850827689483486,453,25
475,0,2775.7837837837837,10.37469835184583,9.483685975721652,0.0077565045444598245,453,30
476,1,3992.5675675675675,9.888984921870989,9.831267522373704,0.007496026321442162,357,30
477,2,4095.0,9.816244929743792,0.0,0.007765117848511024,320,30
478,3,4042.972972972973,9.826385442160571,7.633447456288218,0.0071954890206108214,357,30
479,4,3322.108108108108,10.09650922487121,9.94188987386758,0.007455274441668961,453,30
480,5,3971.2432432432433,9.787817265399031,10.650528398048671,0.007335541962906955,357,30
481,6,3620.108108108108,9.746318181040238,9.735192444252867,0.008651430779693072,226,30
482,7,1228.7297297297298,11.167854361703949,6.682253969540405,0.012192627996103345,160,30
483,8,3918.2162162162163,9.662008591624023,14.462623303023712,0.008140396661427692,226,30
484,9,2240.4324324324325,10.778792423282958,8.588689161073283,0.008273420066463366,357,30
485,10,4081.162162162162,9.998324890037482,4.894580941302538,0.007606337886011175,320,30
486,11,3735.3513513513512,9.72709399442058,10.32511785660047,0.00887565202305322,160,30
487,12,4078.7837837837837,8.864364228379744,5.866811874492554,0.007847914422274345,0,30
488,13,3736.7027027027025,9.044441758373411,14.625536013220758,0.00823968239975644,160,30
489,14,3703.3513513513512,9.913497578257372,10.598814397924889,0.007515823726380123,320,30
490,15,3060.864864864865,10.508515677146622,8.073182632133264,0.008972537120941463,357,30
491,16,2669.837837837838,10.857491570966472,8.694096257510765,0.010083563528334507,226,30
492,17,3707.4054054054054,8.991749602081159,12.554597169729108,0.007340778266340609,160,30
493,18,3410.891891891892,9.033890491023293,9.791902244944866,0.007719540376104012,226,30
494,19,3150.4324324324325,9.709656163891218,8.532457733573814,0.007396628621627646,357,30
495,20,3861.2972972972975,10.052067466497801,11.830237277694478,0.007527347989323528,453,30
496,21,3495.5945945945946,9.981444359821321,12.227121385843965,0.00760143354906316,357,30
497,22,3415.2432432432433,9.775158739666946,15.010510337988988,0.007754429988079584,320,30
498,23,3371.189189189189,9.723767307330265,10.833681068312002,0.0073918461699782525,357,30
499,24,2958.324324324324,10.210578223142617,8.957741391184648,0.008088534712914812,453,30
500,0,2687.027027027027,10.362319011107498,9.070013081951622,0.007590472385224752,453,30
501,1,3945.027027027027,10.094669385065636,10.38277542598146,0.008037642665116484,357,30
502,2,4095.0,9.86285919663181,0.0,0.007608808113376798,320,30
503,3,4063.108108108108,9.831281341457153,6.389452569659821,0.007408784872822001,357,30
504,4,3433.135135135135,10.070140683564668,8.910820415127514,0.007580925170185901,453,30
505,5,3954.810810810811,10.000244955415974,12.332550469303678,0.0076804375273041795,357,30
506,6,3684.4864864864867,9.841852932619076,8.886314000234819,0.008466461829730137,226,30
507,7,1257.2972972972973,11.273740351537764,5.552178267429468,0.012260170740112894,160,30
508,8,3903.2162162162163,9.273424797617622,13.970496677178796,0.008158669347235649,226,30
509,9,2352.324324324324,10.977466241078917,12.187244649475574,0.008258233920349762,357,30
510,10,4087.4324324324325,9.909265946704547,3.8614690317716756,0.007763637716297225,320,30
511,11,3725.135135135135,9.521130346232178,10.044543755596338,0.008609313010392826,160,30
512,12,4091.6216216216217,8.734198771158157,2.7065786670377645,0.007354157615180383,0,30
513,13,3832.4324324324325,9.101331316640708,14.502388435340462,0.00818890838078137,160,30
514,14,3759.2432432432433,9.894091547005768,10.867446607700806,0.007952201669593935,320,30
515,15,2951.189189189189,10.838789385407932,7.27442238892763,0.008957415970764123,357,30
516,16,2576.0810810810813,10.86795084632631,8.835761255201305,0.00999157677353214,226,30
517,17,3711.2702702702704,9.300640520974174,11.325043429960967,0.007398303843534608,160,30
518,18,3420.108108108108,9.129983612589639,9.735942744821198,0.007680050390538491,226,30
519,19,3164.3513513513512,9.933266229098564,10.443714402122406,0.007720065836084159,357,30
520,20,3976.7567567567567,9.93930774957641,17.223550790532347,0.007381657487539436,453,30
521,21,3596.972972972973,10.185954320628454,11.388965126035586,0.007645466500010812,357,30
522,22,3371.6216216216217,10.056683111126324,10.984440243693685,0.008110576393122432,320,30
523,23,3385.675675675676,10.254779304797275,12.176751253092885,0.007665829522872898,357,30
524,24,2909.108108108108,10.266839882592548,8.810129619147794,0.008016180025169546,453,30
525,0,2699.6216216216217,10.342511851991306,9.589633384342388,0.007693230943430867,453,30
526,1,4018.7297297297296,9.945279741224391,9.177070597997286,0.007613180719292771,357,30
527,2,4095.0,10.023621617689846,0.0,0.007775284346423866,320,30
528,3,4021.4054054054054,9.799441416077633,11.121906302189453,0.007442381284788506,357,30
529,4,3379.7297297297296,10.003966352325044,11.35113568962758,0.007145132219860818,453,30
530,5,4019.4594594594596,9.618373367677009,10.381446238192725,0.007400562570794277,357,30
531,6,3578.3783783783783,9.980154332608807,12.895395940099618,0.00865936233347623,226,30
532,7,1278.027027027027,11.350148256858752,5.646706828587377,0.012924612950370255,160,30
533,8,3924.891891891892,9.527320551438498,18.015729827922623,0.008072459439567373,226,30
534,9,2301.4864864864867,10.884361789522327,9.568760165526355,0.00840427757190908,357,30
535,10,4080.054054054054,10.01309174382584,5.8942402889845935,0.007863750708780566,320,30
536,11,3740.2162162162163,9.68205107908744,9.73086593479517,0.008609384883315654,160,30
537,12,4092.5135135135133,8.953749422375875,1.6755107249334065,0.007353954777653746,0,30
538,13,3892.4594594594596,9.082149916993274,15.038523436029344,0.0080730873135138,160,30
539,14,3654.2162162162163,9.95537960601756,10.85794691248417,0.007479478094821957,320,30
540,15,3030.864864864865,10.594815930445497,9.822988656902417,0.008463732056416737,357,30
541,16,2574.7297297297296,10.949619409882079,6.652234656817402,0.01019049805183836,226,30
542,17,3629.189189189189,9.126055768539596,10.83280450875783,0.0074175905826858735,160,30
543,18,3266.9189189189187,9.479336031765047,12.230581029255712,0.007813930520040086,226,30
544,19,3128.0,9.78111147717743,7.082421989812689,0.007895494489353786,357,30
545,20,3932.5405405405404,9.914005673552516,11.467016541506204,0.007408698269532342,453,30
546,21,3633.2432432432433,9.93127877423882,9.891700293920955,0.0072726478738371425,357,30
547,22,3391.5135135135133,9.937081757346522,13.27060722980692,0.007717662764855653,320,30
548,23,3362.4594594594596,9.826715971520992,12.067656523057904,0.007378632705348726,357,30
549,24,2881.7837837837837,10.496091410087457,10.422844994861194,0.008229269081304978,453,30
550,0,2669.7567567567567,10.447030798062606,8.130006950186958,0.007702830142136219,453,30
551,1,3979.4324324324325,10.11059790514984,9.888386658567518,0.007792839836302418,357,30
552,2,4095.0,9.973431429598316,0.0,0.0076754592972122036,320,30
553,3,3951.189189189189,9.838256687603758,13.66898874214109,0.007453957156483793,357,30
554,4,3260.027027027027,10.003741720720875,9.865826423813461,0.007341388746296233,453,30
555,5,4024.891891891892,9.930256165602698,10.455707392093462,0.007554439482807315,357,30
556,6,3601.5675675675675,10.004402779441715,11.457900234344454,0.008679863691369444,226,30
557,7,1139.1351351351352,11.296276249807459,5.230991839068153,0.013873985425593744,160,30
558,8,3992.5135135135133,9.36519750466378,12.358867050513737,0.00803617850764566,226,30
559,9,2267.945945945946,10.99848427150901,12.192990714557984,0.008909628456462221,357,30
560,10,4089.810810810811,10.07832583135087,2.5824144957691937,0.007963714692775903,320,30
561,11,3686.0810810810813,9.597886965376782,9.956837337055331,0.008727128195038224,160,30
562,12,4091.4864864864867,8.83952318198155,1.3784428292412654,0.0076034581002018976,0,30
563,13,3874.891891891892,9.291312961029625,16.28300587056451,0.008339801071913617,160,30
564,14,3689.324324324324,9.701259220592513,8.90777797653606,0.0073544573836609095,320,30
565,15,3170.7567567567567,10.601627616423352,8.090016338762217,0.008806571362094399,357,30
566,16,2539.7027027027025,10.728600095842818,8.326330476482482,0.010490685780317335,226,30
567,17,3701.6216216216217,9.336843647846104,13.00493536429865,0.0075550053421424,160,30
568,18,3313.6216216216217,9.108880008215099,11.293504558703646,0.007787425342024028,226,30
569,19,3096.7027027027025,9.95059174382584,9.244970983212733,0.007892532104776091,357,30
570,20,3961.162162162162,9.868862208834654,13.645223734776803,0.007532929521064862,453,30
571,21,3594.7567567567567,10.077907588697393,9.726531411673554,0.007480439051157651,357,30
572,22,3466.108108108108,9.74277007136867,13.390018620654756,0.007691330449523413,320,30
573,23,3465.324324324324,9.88705629909805,9.717564019893143,0.007689668857669506,357,30
574,24,2955.891891891892,10.536181733385819,10.050550376418785,0.008342635904035294,453,30
575,0,2673.6486486486488,10.448796830341097,10.276400461822238,0.00763779311577692,453,30
576,1,3939.162162162162,10.145147315545362,9.397131613516096,0.007585674473303845,357,30
577,2,4095.0,9.834815545362748,0.0,0.0077704404988939695,320,30
578,3,3999.5135135135133,9.802031097571412,9.012419125718747,0.007356665661322428,357,30
579,4,3386.837837837838,10.07858683188143,9.98578343087254,0.007399105838832774,453,30
580,5,3997.135135135135,10.090480540485034,10.020589626021128,0.007532364645217305,357,30
581,6,3575.837837837838,9.792145167639358,9.017029057396542,0.008463758618603712,226,30
582,7,1335.1081081081081,11.33849736432251,6.193941735299348,0.012758723030892899,160,30
583,8,3902.0,9.364229449417241,14.281117908171108,0.008066909826611802,226,30
584,9,2273.4054054054054,11.193278380598676,11.15292854520038,0.00842278785370283,357,30
585,10,4055.864864864865,10.060668717588868,9.068214997804253,0.007861840109224425,320,30
586,11,3759.864864864865,9.486151996440125,9.537298443247018,0.008253968116936817,160,30
587,12,4094.7027027027025,8.71124356056068,0.29325224762577257,0.0075598396481550345,0,30
588,13,3909.7567567567567,9.050256507898474,14.087507243792587,0.008239907720354765,160,30
589,14,3597.027027027027,9.898440842732205,11.00577486281083,0.007731784322941317,320,30
590,15,3048.3783783783783,10.770201868934947,9.712323119718246,0.009111233599852452,357,30
591,16,2428.7297297297296,10.862746880829725,8.15693842584651,0.010387899883163052,226,30
592,17,3612.4054054054054,9.094238306320491,12.376457980353615,0.0072832364432462385,160,30
593,18,3315.945945945946,9.093544087696179,11.288949841586346,0.007819144341891248,226,30
594,19,3128.7027027027025,9.98856625134779,9.842504451909118,0.007483562595960012,357,30
595,20,3958.4324324324325,9.859008369131766,14.705064423816905,0.007410130761114266,453,30
596,21,3586.972972972973,10.037374420236526,8.366031572697045,0.007549857798971676,357,30
597,22,3430.5135135135133,9.843304480651732,13.939167723273965,0.007701318849832565,320,30
598,23,3436.0,10.146825634530797,11.463729444140075,0.00781210882133065,357,30
599,24,3005.3783783783783,10.548434852556094,9.95683535428022,0.008303253272792169,453,30
600,0,98.29729729729729,17.999635241061803,1.2425761223430893,0.01532393886881002,453,5
601,1,166.43243243243242,17.38436606821955,1.0948718638087427,0.015452491683993517,357,5
602,2,252.78378378378378,17.307573080148558,2.710026599708037,0.014383733979277424,320,5
603,3,233.40540540540542,17.378457187355593,1.7675177526080057,0.014551111909756047,357,5
604,4,66.48648648648648,17.559217169556213,0.8586105118938285,0.014906412952145079,453,5
605,5,228.83783783783784,17.289642129764328,2.195524205160823,0.014326236822036332,357,5
606,6,141.94594594594594,17.19955415974944,2.5608577891849893,0.014225684369904911,226,5
607,7,106.70270270270271,17.062937496790976,1.7343118636554862,0.01460427958555931,160,5
608,8,309.8918918918919,17.284636054014275,3.921394145391628,0.013929859569180893,226,5
609,9,99.10810810810811,17.470069443255916,1.0445054566938528,0.014133693283580682,357,5
610,10,253.6216216216216,16.795992786116482,1.4460602891649124,0.013692367648888266,320,5
611,11,431.64864864864865,16.461276720464152,4.089969953903903,0.013190614096606056,160,5
612,12,153.32432432432432,17.17038735045953,2.2974734603534746,0.01402049007618356,0,5
613,13,191.8108108108108,17.00613458214243,1.7631227019950955,0.013820111132257638,160,5
614,14,149.8108108108108,17.312710725838198,1.3571969985856196,0.0148683907177593,320,5
615,15,273.4594594594595,17.437921451676395,4.096105259564931,0.014554198716876611,357,5
616,16,236.54054054054055,17.37870428212018,2.644672855695333,0.014118092894716324,226,5
617,17,168.8108108108108,16.969375224631605,1.6179407945485778,0.013902971423050341,160,5
618,18,139.8108108108108,16.90234729329614,1.9409989061300397,0.013595773477022656,226,5
619,19,223.40540540540542,17.42590686987626,1.7933647118515328,0.014525511532275234,357,5
620,20,212.78378378378378,17.452612358589057,2.178027983064303,0.01405045758707495,453,5
621,21,132.48648648648648,16.971182974208013,1.2605271090226078,0.013179340465163173,357,5
622,22,173.72972972972974,16.93705073679166,2.2144517196748392,0.013597989507755353,320,5
623,23,169.0810810810811,17.50888043608482,1.5141786079099533,0.01418159019172299,357,5
624,24,155.24324324324326,17.04514453439217,1.3428953845108518,0.013141618569201957,453,5
625,0,97.37837837837837,17.895410455424532,1.1807757359957751,0.014987254851875962,453,5
626,1,167.67567567567568,17.25345290865837,1.4095852883918116,0.01529061798739686,357,5
627,2,253.13513513513513,17.1883642968389,2.6393001491079633,0.014152298521811003,320,5
628,3,239.59459459459458,17.371789907408992,1.7278112077711854,0.014461135500450405,357,5
629,4,77.29729729729729,17.570262626435504,0.93222862235153,0.014786666227930557,453,5
630,5,235.2972972972973,17.22885360865324,1.8875877157777592,0.014225202029228789,357,5
631,6,144.2972972972973,17.172946011398448,2.7290244914158968,0.014342359463441322,226,5
632,7,99.56756756756756,16.977712266169195,1.2120291532922385,0.014568691029359579,160,5
633,8,299.8378378378378,17.258883645107737,3.6400325722608335,0.014043041477538157,226,5
634,9,95.56756756756756,17.322105675263995,1.410873220396833,0.013991448393828574,357,5
635,10,248.72972972972974,16.916825335021993,1.8543174695267357,0.013943115149636698,320,5
636,11,422.18918918918916,16.297603715620667,3.630653891695331,0.0131866976347019,160,5
637,12,161.1891891891892,17.262057368772357,2.1321696264726118,0.013979683424835897,0,5
638,13,191.43243243243242,16.841956691026716,1.7994969431526389,0.013601676989838024,160,5
639,14,154.6216216216216,17.372212428759692,1.2340147212015842,0.014812287127278266,320,5
640,15,276.35135135135135,17.368334859402008,4.080493284359774,0.014518279082613444,357,5
641,16,229.40540540540542,17.346238597271903,2.2034767200708125,0.014091499207403338,226,5
642,17,168.02702702702703,16.97571839326362,1.1463324733680689,0.01390146492060312,160,5
643,18,147.94594594594594,16.813429546971538,2.0515439662965647,0.013544371022748513,226,5
644,19,224.86486486486487,17.416004894829623,1.6140191892480744,0.014577218394124068,357,5
645,20,215.78378378378378,17.474716108439303,2.123001835486062,0.013918989678488095,453,5
646,21,126.51351351351352,17.013928229132794,1.1852647909733682,0.013103811217301559,357,5
647,22,175.1891891891892,16.925690795666537,1.797180584642831,0.013493111369199772,320,5
648,23,162.8108108108108,17.52590858135515,1.5273679781230909,0.014333720089592484,357,5
649,24,155.13513513513513,17.039829322767805,1.2503686306188233,0.013441885606043699,453,5
650,0,96.62162162162163,17.931120462441594,1.6753928930316515,0.015213196698862294,453,5
651,1,168.97297297297297,17.386454072464016,1.6565986814436464,0.015400578563778904,357,5
652,2,250.56756756756758,17.27993590511561,2.5670100505777227,0.014396194234027057,320,5
653,3,243.21621621621622,17.43291965462356,1.585238302273997,0.01459544141135693,357,5
654,4,70.8108108108108,17.585301177497474,0.9407873533243705,0.014765592466352732,453,5
655,5,222.7027027027027,17.40154824658988,2.269905010792358,0.014336445413669541,357,5
656,6,146.56756756756758,17.167737767204642,2.5484467377360445,0.014151361112757645,226,5
657,7,102.86486486486487,17.14417819062452,1.5014782889204823,0.01452300376236753,160,5
658,8,296.05405405405406,17.303157464615175,3.528646401766712,0.014057631595740713,226,5
659,9,96.1891891891892,17.555890482465898,1.2079828448500078,0.014157079655239227,357,5
660,10,240.8918918918919,16.874414888154856,1.4978844510697218,0.013885019825206301,320,5
661,11,437.2432432432432,16.500371176984032,4.257319637671713,0.013334831379339178,160,5
662,12,152.97297297297297,17.195874480138286,2.4520191844806885,0.014014330158044453,0,5
663,13,180.59459459459458,17.00864403806329,1.492351799195862,0.013718954215858649,160,5
664,14,153.45945945945945,17.34731789864622,1.6019503245602824,0.014979569744580052,320,5
665,15,273.18918918918916,17.58685648393777,4.154228633697729,0.014659109987861994,357,5
666,16,237.16216216216216,17.35113984494001,2.471610468998973,0.014108169737054591,226,5
667,17,178.75675675675674,17.097063316161496,1.173984745730247,0.01389320715393004,160,5
668,18,146.02702702702703,16.89368293142104,1.9666639172612208,0.013583806217390968,226,5
669,19,229.8108108108108,17.500177565934724,1.4738221394773168,0.014527037744798507,357,5
670,20,212.1891891891892,17.428791781478374,2.267320425225987,0.013988712739346886,453,5
671,21,134.2972972972973,17.10220951924558,1.3641902881351688,0.013261970251177755,357,5
672,22,183.3783783783784,16.90447487548991,2.5050282089747933,0.013619387151933544,320,5
673,23,166.9189189189189,17.56407776960071,1.212533992431799,0.014349062134397846,357,5
674,24,148.21621621621622,17.022028872648857,1.241558867876756,0.013446580995017776,453,5
675,0,102.75675675675676,18.027550531414196,1.4898759418135286,0.01514253163956706,453,5
676,1,165.78378378378378,17.506849124578547,1.6378178284100782,0.015609489707269556,357,5
677,2,252.1081081081081,17.397277037087747,2.6680984120305946,0.014719747088184477,320,5
678,3,248.27027027027026,17.58089304968423,1.7618009282574567,0.014606811139749555,357,5
679,4,80.16216216216216,17.700404550822366,1.0152335052311465,0.014913512795057777,453,5
680,5,226.13513513513513,17.4684135874309,2.709494752661466,0.01447866408687773,357,5
681,6,140.67567567567568,17.42802375532698,2.8092651816019565,0.014843026255326457,226,5
682,7,80.51351351351352,17.321483124818155,1.0131506533298804,0.01489636055664742,160,5
683,8,302.13513513513516,17.440004107549335,4.431964735074831,0.014233107490733627,226,5
684,9,95.4054054054054,17.618144457375617,1.1564659014605632,0.014457339655569133,357,5
685,10,233.02702702702703,16.98173424155813,2.0103772005915026,0.013915407064464768,320,5
686,11,429.1081081081081,16.55709172671105,4.614865265922785,0.013285606652875153,160,5
687,12,157.67567567567568,17.373273545670813,1.9557015424364894,0.014165889206486438,0,5
688,13,176.13513513513513,17.199048203802906,1.5857114742950478,0.014591023060078721,160,5
689,14,166.21621621621622,17.375350853172225,1.2883334091648773,0.014821375473480095,320,5
690,15,286.5945945945946,17.633610878159818,3.652242366221173,0.014751255732389947,357,5
691,16,232.35135135135135,17.42981652946311,2.6807803384660653,0.014235970469354743,226,5
692,17,183.56756756756758,17.132513392322306,1.8550625814816477,0.013873090336788543,160,5
693,18,154.94594594594594,17.025066747676668,1.8622958983655944,0.013717379702025542,226,5
694,19,231.97297297297297,17.559267444248576,1.7362573143492002,0.01460654659031445,357,5
695,20,216.8108108108108,17.460028410549555,1.901841726977974,0.01377080821763326,453,5
696,21,122.67567567567568,17.23252793989286,1.3361600476113646,0.01320492037448537,357,5
697,22,176.94594594594594,16.94833259169248,2.6500123202012342,0.01354422595638736,320,5
698,23,175.6216216216216,17.63437034691677,1.16583414326405,0.014448025576003318,357,5
699,24,149.94594594594594,17.081949887898134,1.2519938493852065,0.013604955821203166,453,5
700,0,101.35135135135135,18.12135561964093,1.3966547826009785,0.015473933537462462,453,5
701,1,161.56756756756758,17.43502584333122,1.4647255047604981,0.015505529612676233,357,5
702,2,257.86486486486484,17.399336160125966,2.2971898741695447,0.01452257394818021,320,5
703,3,235.0,17.566888873675744,1.7494651170467308,0.01472787014988926,357,5
704,4,84.13513513513513,17.761405937120266,0.961009149834682,0.01505095455225366,453,5
705,5,230.9189189189189,17.481034674562288,2.5552702319297054,0.014460858365956186,357,5
706,6,144.13513513513513,17.440942211915317,2.517480787166095,0.014477229602569931,226,5
707,7,92.8108108108108,17.260324496397338,1.2466685117309542,0.01484922623613132,160,5
708,8,294.0810810810811,17.48481169453525,3.7062280275144097,0.014155565237929754,226,5
709,9,93.86486486486487,17.64615173971829,0.9805725449663579,0.01425027147595052,357,5
710,10,249.51351351351352,17.086242490886374,1.823722271676754,0.014119169944928714,320,5
711,11,440.27027027027026,16.64279831077034,4.495375214369469,0.01350821309420726,160,5
712,12,155.3783783783784,17.40231948176419,2.155513884028271,0.014079991114874709,0,5
713,13,186.02702702702703,17.08536535795581,2.2510403362235234,0.013846810077864119,160,5
714,14,164.67567567567568,17.486280357356794,1.8334821413581883,0.01493466287213056,320,5
715,15,280.13513513513516,17.65685704016841,3.433637192731737,0.014804604573130545,357,5
716,16,237.8918918918919,17.494291148231188,2.5381771018616073,0.014282464593448042,226,5
717,17,175.05405405405406,17.20180368481405,1.571730700100712,0.014022427215750876,160,5
718,18,153.45945945945945,17.016739333207823,2.005323300786867,0.013768779561857226,226,5
719,19,227.54054054054055,17.568255917438258,1.7505481118449717,0.014634745193892466,357,5
720,20,212.27027027027026,17.58431065909052,2.201549573358983,0.014026030442175723,453,5
721,21,128.59459459459458,17.202659424258503,1.3132240029402475,0.01327493495799119,357,5
722,22,185.27027027027026,17.087205197761385,2.4910793799491153,0.01372726875415917,320,5
723,23,167.27027027027026,17.76626439781615,1.2011977518009072,0.014564715794462113,357,5
724,24,155.72972972972974,17.248206156189564,1.3500797523441985,0.013626310870031747,453,5
